/* Generated by scripts/embed-icons.sh. */
#include "flint_icons.h"

static const unsigned char flint_icon_amen[] = {
    0x89, 0x50, 0x4e, 0x47, 0x0d, 0x0a, 0x1a, 0x0a, 0x00, 0x00, 0x00, 0x0d, 0x49, 0x48, 0x44, 0x52,
    0x00, 0x00, 0x00, 0x10, 0x00, 0x00, 0x00, 0x10, 0x08, 0x06, 0x00, 0x00, 0x00, 0x1f, 0xf3, 0xff,
    0x61, 0x00, 0x00, 0x00, 0x01, 0x73, 0x52, 0x47, 0x42, 0x00, 0xae, 0xce, 0x1c, 0xe9, 0x00, 0x00,
    0x00, 0x68, 0x49, 0x44, 0x41, 0x54, 0x38, 0x8d, 0x63, 0x60, 0xc0, 0x01, 0x12, 0xc2, 0x5d, 0xfe,
    0x23, 0xd3, 0xb8, 0x00, 0x23, 0x3e, 0xcd, 0xc8, 0x60, 0xc1, 0xca, 0x3d, 0x58, 0xd5, 0x32, 0xe1,
    0x32, 0x79, 0xfe, 0x8a, 0xdd, 0x28, 0x34, 0x2e, 0x80, 0xd3, 0x00, 0x62, 0xc1, 0x20, 0x34, 0x00,
    0x57, 0xa8, 0xe3, 0x12, 0xc7, 0xea, 0x02, 0xf4, 0x80, 0xc3, 0x17, 0x90, 0x83, 0x30, 0x0c, 0x28,
    0x32, 0x00, 0x39, 0xa0, 0x12, 0x23, 0x5c, 0x51, 0x68, 0x74, 0x79, 0x18, 0x60, 0xc4, 0x27, 0x89,
    0x0b, 0x20, 0x27, 0x6b, 0x46, 0x7c, 0x9a, 0x61, 0x0a, 0xf1, 0xe5, 0x0d, 0x46, 0x42, 0x9a, 0xf1,
    0xb9, 0x70, 0xc1, 0xca, 0x3d, 0x8c, 0x14, 0x07, 0x22, 0x00, 0x0e, 0x27, 0x2d, 0xfb, 0x25, 0x2b,
    0x9a, 0xe4, 0x00, 0x00, 0x00, 0x00, 0x49, 0x45, 0x4e, 0x44, 0xae, 0x42, 0x60, 0x82,
};

static const unsigned char flint_icon_backward[] = {
    0x89, 0x50, 0x4e, 0x47, 0x0d, 0x0a, 0x1a, 0x0a, 0x00, 0x00, 0x00, 0x0d, 0x49, 0x48, 0x44, 0x52,
    0x00, 0x00, 0x00, 0x10, 0x00, 0x00, 0x00, 0x10, 0x08, 0x06, 0x00, 0x00, 0x00, 0x1f, 0xf3, 0xff,
    0x61, 0x00, 0x00, 0x00, 0x01, 0x73, 0x52, 0x47, 0x42, 0x00, 0xae, 0xce, 0x1c, 0xe9, 0x00, 0x00,
    0x00, 0x55, 0x49, 0x44, 0x41, 0x54, 0x38, 0x8d, 0xa5, 0xd1, 0xc1, 0x12, 0x00, 0x20, 0x04, 0x04,
    0x50, 0xdb, 0xff, 0xff, 0x73, 0x5d, 0x9a, 0x66, 0x0c, 0xb2, 0x70, 0xeb, 0xb0, 0x8f, 0x10, 0x49,
    0x6a, 0xdf, 0x8a, 0xde, 0x2b, 0x0b, 0x67, 0x0d, 0x42, 0x80, 0x09, 0x87, 0x00, 0x1b, 0x76, 0x81,
    0x4a, 0xd8, 0x00, 0xd5, 0xb0, 0x02, 0x3a, 0xe1, 0x07, 0x74, 0xc3, 0x6a, 0x82, 0x11, 0x00, 0x00,
    0xe3, 0x09, 0xba, 0x88, 0xfa, 0x42, 0x07, 0x31, 0x3b, 0xa8, 0x22, 0xee, 0x12, 0x2b, 0x48, 0x78,
    0x05, 0x16, 0xf9, 0x9e, 0x91, 0x41, 0x0e, 0x54, 0x67, 0x2c, 0x0f, 0x24, 0xd7, 0xf7, 0x35, 0x00,
    0x00, 0x00, 0x00, 0x49, 0x45, 0x4e, 0x44, 0xae, 0x42, 0x60, 0x82,
};

static const unsigned char flint_icon_btc[] = {
    0x89, 0x50, 0x4e, 0x47, 0x0d, 0x0a, 0x1a, 0x0a, 0x00, 0x00, 0x00, 0x0d, 0x49, 0x48, 0x44, 0x52,
    0x00, 0x00, 0x00, 0x10, 0x00, 0x00, 0x00, 0x10, 0x08, 0x06, 0x00, 0x00, 0x00, 0x1f, 0xf3, 0xff,
    0x61, 0x00, 0x00, 0x00, 0x01, 0x73, 0x52, 0x47, 0x42, 0x00, 0xae, 0xce, 0x1c, 0xe9, 0x00, 0x00,
    0x00, 0xb0, 0x49, 0x44, 0x41, 0x54, 0x38, 0x8d, 0x8d, 0x93, 0xdb, 0x15, 0x03, 0x21, 0x08, 0x44,
    0x87, 0x54, 0xa1, 0x9d, 0x64, 0x9b, 0x8b, 0x47, 0x9b, 0xd3, 0x4e, 0x62, 0x17, 0xe6, 0x23, 0x21,
    0x07, 0x79, 0x98, 0xf0, 0xb7, 0x2c, 0x73, 0x61, 0x58, 0x96, 0xe0, 0xc4, 0xf3, 0x71, 0x5f, 0x5e,
    0x3e, 0xb7, 0x41, 0x3a, 0x77, 0x8b, 0xc4, 0xa9, 0xf6, 0x2d, 0x9f, 0x6a, 0x77, 0xc1, 0x1b, 0x40,
    0x17, 0x30, 0x24, 0xd5, 0x8e, 0x59, 0x2e, 0x00, 0xc0, 0x5a, 0x6b, 0xab, 0xa1, 0x48, 0x2c, 0x01,
    0x2c, 0x96, 0x20, 0xb6, 0x43, 0xbf, 0xc4, 0x32, 0x58, 0xcc, 0x91, 0xdb, 0x20, 0xfa, 0xa7, 0x73,
    0x94, 0x03, 0x3e, 0x3b, 0x90, 0xdd, 0xbc, 0xce, 0xda, 0x86, 0x01, 0xe8, 0x17, 0xb3, 0x5c, 0x98,
    0xe5, 0x32, 0xc5, 0xba, 0xfb, 0x17, 0xe0, 0x2d, 0x89, 0xf3, 0xd1, 0x44, 0x1c, 0xdb, 0x0e, 0x22,
    0x9f, 0x7a, 0xba, 0xd0, 0x42, 0xe4, 0x53, 0xda, 0x32, 0x16, 0x72, 0x1b, 0x24, 0xc5, 0x27, 0x88,
    0x8e, 0xdc, 0x06, 0x99, 0x43, 0x62, 0xd8, 0x69, 0x6c, 0x16, 0x03, 0xe2, 0x12, 0x81, 0xf7, 0x99,
    0xea, 0x6f, 0x7f, 0x12, 0x1b, 0x80, 0x9c, 0xe4, 0x34, 0xb6, 0x7c, 0x36, 0x80, 0x13, 0xc4, 0xfb,
    0x9d, 0x5f, 0x1a, 0x49, 0x7a, 0xa8, 0x33, 0xb6, 0x4e, 0x3e, 0x00, 0x00, 0x00, 0x00, 0x49, 0x45,
    0x4e, 0x44, 0xae, 0x42, 0x60, 0x82,
};

static const unsigned char flint_icon_check[] = {
    0x89, 0x50, 0x4e, 0x47, 0x0d, 0x0a, 0x1a, 0x0a, 0x00, 0x00, 0x00, 0x0d, 0x49, 0x48, 0x44, 0x52,
    0x00, 0x00, 0x00, 0x10, 0x00, 0x00, 0x00, 0x10, 0x08, 0x06, 0x00, 0x00, 0x00, 0x1f, 0xf3, 0xff,
    0x61, 0x00, 0x00, 0x00, 0x01, 0x73, 0x52, 0x47, 0x42, 0x00, 0xae, 0xce, 0x1c, 0xe9, 0x00, 0x00,
    0x00, 0x3d, 0x49, 0x44, 0x41, 0x54, 0x38, 0x8d, 0x63, 0x60, 0x18, 0x05, 0x03, 0x0b, 0xfe, 0xff,
    0xff, 0xff, 0x9f, 0x91, 0x12, 0xcd, 0x14, 0xd9, 0x4c, 0xb6, 0x01, 0xd4, 0xd7, 0x4c, 0xac, 0x89,
    0x78, 0xd5, 0x11, 0x32, 0x84, 0x28, 0x4b, 0x70, 0x29, 0x22, 0xc9, 0xcf, 0xe8, 0x8a, 0x89, 0xd1,
    0x8c, 0x91, 0x0e, 0xd0, 0x35, 0x30, 0x32, 0x32, 0x92, 0x9e, 0x56, 0x48, 0x71, 0x36, 0x00, 0xd1,
    0x10, 0x6b, 0x9b, 0xc3, 0x09, 0x3e, 0x75, 0x00, 0x00, 0x00, 0x00, 0x49, 0x45, 0x4e, 0x44, 0xae,
    0x42, 0x60, 0x82,
};

static const unsigned char flint_icon_discord[] = {
    0x89, 0x50, 0x4e, 0x47, 0x0d, 0x0a, 0x1a, 0x0a, 0x00, 0x00, 0x00, 0x0d, 0x49, 0x48, 0x44, 0x52,
    0x00, 0x00, 0x00, 0x10, 0x00, 0x00, 0x00, 0x10, 0x08, 0x06, 0x00, 0x00, 0x00, 0x1f, 0xf3, 0xff,
    0x61, 0x00, 0x00, 0x00, 0x01, 0x73, 0x52, 0x47, 0x42, 0x00, 0xae, 0xce, 0x1c, 0xe9, 0x00, 0x00,
    0x00, 0x6e, 0x49, 0x44, 0x41, 0x54, 0x38, 0x8d, 0x63, 0x60, 0xa0, 0x10, 0x30, 0x22, 0x73, 0xa2,
    0xf3, 0x1e, 0xfe, 0x87, 0xb1, 0x97, 0x4e, 0x92, 0x27, 0x4a, 0x8e, 0x05, 0x97, 0xc9, 0xc8, 0x1a,
    0x88, 0x72, 0x01, 0xb1, 0x1a, 0xd0, 0x5d, 0xc1, 0x48, 0x8e, 0x66, 0x64, 0x43, 0x98, 0xc8, 0xd1,
    0x88, 0x0c, 0x30, 0x0c, 0x58, 0x32, 0x51, 0x8e, 0x61, 0xc9, 0x44, 0x39, 0x0c, 0x85, 0xb8, 0xc4,
    0x29, 0x76, 0x01, 0xc5, 0x61, 0xc0, 0x48, 0xae, 0x66, 0x18, 0xa0, 0x7e, 0x20, 0x52, 0x6c, 0xc0,
    0xd2, 0x49, 0xf2, 0x8c, 0xe8, 0xc9, 0x18, 0x9f, 0x38, 0xd6, 0x40, 0xc4, 0xa6, 0x10, 0x97, 0x3a,
    0x9c, 0x49, 0x19, 0x5f, 0x66, 0x42, 0x96, 0x67, 0xc2, 0xa5, 0x01, 0x1f, 0x40, 0x56, 0x0b, 0x00,
    0xf9, 0x22, 0x36, 0xc2, 0xf3, 0x10, 0x5d, 0x44, 0x00, 0x00, 0x00, 0x00, 0x49, 0x45, 0x4e, 0x44,
    0xae, 0x42, 0x60, 0x82,
};

static const unsigned char flint_icon_droid[] = {
    0x89, 0x50, 0x4e, 0x47, 0x0d, 0x0a, 0x1a, 0x0a, 0x00, 0x00, 0x00, 0x0d, 0x49, 0x48, 0x44, 0x52,
    0x00, 0x00, 0x00, 0x10, 0x00, 0x00, 0x00, 0x10, 0x08, 0x06, 0x00, 0x00, 0x00, 0x1f, 0xf3, 0xff,
    0x61, 0x00, 0x00, 0x00, 0x01, 0x73, 0x52, 0x47, 0x42, 0x00, 0xae, 0xce, 0x1c, 0xe9, 0x00, 0x00,
    0x00, 0x64, 0x49, 0x44, 0x41, 0x54, 0x38, 0x8d, 0x63, 0x60, 0x18, 0x05, 0xc3, 0x09, 0x98, 0x4d,
    0xce, 0xfb, 0x6f, 0x36, 0x39, 0xef, 0x3f, 0xa9, 0xea, 0x18, 0xd1, 0x25, 0x61, 0xec, 0x53, 0xb9,
    0x93, 0x50, 0xe4, 0x90, 0xe5, 0x91, 0xe5, 0x30, 0x14, 0xa1, 0x1b, 0x84, 0x0e, 0xd0, 0x0d, 0x66,
    0x22, 0xe4, 0x64, 0x7c, 0x9a, 0xb1, 0xba, 0x80, 0x50, 0x38, 0xa0, 0x1b, 0x82, 0x35, 0x0c, 0x4e,
    0xe6, 0x4c, 0x64, 0x60, 0x60, 0x60, 0x60, 0x30, 0x9f, 0x92, 0xcf, 0x80, 0x8d, 0x8f, 0x6c, 0x08,
    0x13, 0xba, 0x66, 0x62, 0x00, 0x46, 0x2c, 0x90, 0xa2, 0x19, 0x19, 0x9c, 0xca, 0x9d, 0xc4, 0xc8,
    0x48, 0xae, 0x66, 0x18, 0x00, 0x00, 0x93, 0x62, 0x2f, 0x4f, 0xe1, 0x38, 0x05, 0xac, 0x00, 0x00,
    0x00, 0x00, 0x49, 0x45, 0x4e, 0x44, 0xae, 0x42, 0x60, 0x82,
};

static const unsigned char flint_icon_edit[] = {
    0x89, 0x50, 0x4e, 0x47, 0x0d, 0x0a, 0x1a, 0x0a, 0x00, 0x00, 0x00, 0x0d, 0x49, 0x48, 0x44, 0x52,
    0x00, 0x00, 0x00, 0x10, 0x00, 0x00, 0x00, 0x10, 0x08, 0x06, 0x00, 0x00, 0x00, 0x1f, 0xf3, 0xff,
    0x61, 0x00, 0x00, 0x00, 0x01, 0x73, 0x52, 0x47, 0x42, 0x00, 0xae, 0xce, 0x1c, 0xe9, 0x00, 0x00,
    0x00, 0x66, 0x49, 0x44, 0x41, 0x54, 0x38, 0x8d, 0xb5, 0x52, 0x5b, 0x0e, 0xc0, 0x20, 0x08, 0x13,
    0xef, 0x7f, 0xe7, 0xed, 0x47, 0x13, 0x84, 0xae, 0x6d, 0x4c, 0xc6, 0xa7, 0xf4, 0x41, 0x91, 0x31,
    0x8c, 0x7a, 0x56, 0xa1, 0x5e, 0x38, 0xe4, 0x83, 0x10, 0x21, 0x39, 0x9f, 0xce, 0x68, 0x92, 0xe9,
    0x3a, 0x67, 0xf7, 0xdc, 0x83, 0x02, 0x1b, 0x80, 0x08, 0xf5, 0xad, 0x09, 0x54, 0x32, 0x12, 0x39,
    0xa6, 0x62, 0x64, 0x16, 0xa9, 0x61, 0xd8, 0x57, 0x59, 0x98, 0x5b, 0xf2, 0xac, 0x20, 0x26, 0x8e,
    0xa2, 0xc1, 0x05, 0x65, 0x20, 0x23, 0x43, 0xe7, 0x3c, 0xaa, 0xb3, 0x17, 0x79, 0x48, 0xea, 0x74,
    0x65, 0x84, 0xdf, 0x2b, 0x54, 0x46, 0x55, 0x2f, 0xf8, 0xdc, 0x8b, 0xb8, 0x5d, 0x5e, 0xd7, 0x7f,
    0x00, 0x00, 0x00, 0x00, 0x49, 0x45, 0x4e, 0x44, 0xae, 0x42, 0x60, 0x82,
};

static const unsigned char flint_icon_eye_closed[] = {
    0x89, 0x50, 0x4e, 0x47, 0x0d, 0x0a, 0x1a, 0x0a, 0x00, 0x00, 0x00, 0x0d, 0x49, 0x48, 0x44, 0x52,
    0x00, 0x00, 0x00, 0x10, 0x00, 0x00, 0x00, 0x10, 0x08, 0x06, 0x00, 0x00, 0x00, 0x1f, 0xf3, 0xff,
    0x61, 0x00, 0x00, 0x00, 0x01, 0x73, 0x52, 0x47, 0x42, 0x00, 0xae, 0xce, 0x1c, 0xe9, 0x00, 0x00,
    0x00, 0x57, 0x49, 0x44, 0x41, 0x54, 0x38, 0x8d, 0xed, 0x90, 0x3b, 0x0e, 0xc0, 0x20, 0x0c, 0x43,
    0x6d, 0xee, 0x7f, 0x67, 0x77, 0x69, 0x50, 0xa8, 0x92, 0xf2, 0x1b, 0x58, 0xf0, 0x16, 0x07, 0x3f,
    0x47, 0x00, 0x57, 0x94, 0xa4, 0x2d, 0x00, 0x00, 0xac, 0x42, 0x48, 0x92, 0x36, 0xcc, 0x42, 0x2c,
    0x4b, 0x6f, 0x8e, 0x42, 0x7c, 0x71, 0x99, 0x69, 0x8d, 0x54, 0x01, 0xd6, 0xee, 0xe9, 0x59, 0xb3,
    0xbf, 0xb4, 0x31, 0xfe, 0xfe, 0x24, 0xda, 0x55, 0xef, 0xfb, 0x58, 0xaf, 0xb2, 0x39, 0xca, 0xa4,
    0xe1, 0x9e, 0x1f, 0x02, 0x56, 0x76, 0xe7, 0xf4, 0x00, 0xd7, 0x2a, 0x53, 0xd6, 0xe2, 0xcf, 0x4e,
    0x49, 0x00, 0x00, 0x00, 0x00, 0x49, 0x45, 0x4e, 0x44, 0xae, 0x42, 0x60, 0x82,
};

static const unsigned char flint_icon_fdroid[] = {
    0x89, 0x50, 0x4e, 0x47, 0x0d, 0x0a, 0x1a, 0x0a, 0x00, 0x00, 0x00, 0x0d, 0x49, 0x48, 0x44, 0x52,
    0x00, 0x00, 0x00, 0x10, 0x00, 0x00, 0x00, 0x10, 0x08, 0x06, 0x00, 0x00, 0x00, 0x1f, 0xf3, 0xff,
    0x61, 0x00, 0x00, 0x00, 0x01, 0x73, 0x52, 0x47, 0x42, 0x00, 0xae, 0xce, 0x1c, 0xe9, 0x00, 0x00,
    0x00, 0xc6, 0x49, 0x44, 0x41, 0x54, 0x38, 0x8d, 0x63, 0xc8, 0xdc, 0xab, 0xff, 0x9f, 0x81, 0x4c,
    0x90, 0xb9, 0x57, 0xff, 0x3f, 0x13, 0x8c, 0x41, 0x8e, 0x66, 0x14, 0x0e, 0x29, 0x86, 0x20, 0xab,
    0x67, 0x44, 0x16, 0x34, 0x50, 0x57, 0x24, 0xca, 0x80, 0x0b, 0x37, 0xef, 0x33, 0x4c, 0x77, 0xbe,
    0xc8, 0xc8, 0xc0, 0xc0, 0xc0, 0xc0, 0x04, 0x13, 0x84, 0x69, 0x4e, 0x93, 0x5e, 0xcf, 0x90, 0x26,
    0xbd, 0x1e, 0x43, 0x13, 0xb2, 0x38, 0xb2, 0x45, 0x4c, 0x18, 0x2a, 0x49, 0x04, 0x8c, 0xc8, 0x9c,
    0x99, 0x4f, 0x02, 0x88, 0x0a, 0x87, 0x74, 0x99, 0x0d, 0x70, 0x7d, 0x2c, 0xc8, 0x12, 0x87, 0xba,
    0x26, 0xa2, 0x28, 0xbc, 0xf2, 0x69, 0x21, 0x03, 0x03, 0x03, 0x03, 0x83, 0x0e, 0x5f, 0x3c, 0x9a,
    0x11, 0x1b, 0x30, 0x5d, 0x10, 0x9d, 0xf7, 0x10, 0x6e, 0x3b, 0xba, 0x46, 0x6c, 0x06, 0x2d, 0x9d,
    0x24, 0xcf, 0x88, 0xe1, 0x02, 0x98, 0x62, 0x5c, 0x1a, 0x91, 0xe5, 0x60, 0x00, 0x67, 0x20, 0xc2,
    0x14, 0xeb, 0xf0, 0xc5, 0xc3, 0x0d, 0xc2, 0x06, 0x50, 0x0c, 0x40, 0xb6, 0x01, 0xd3, 0xdf, 0x0c,
    0x58, 0x0d, 0x63, 0xc2, 0xa5, 0x00, 0x9b, 0xad, 0xd8, 0xbc, 0x80, 0x11, 0x06, 0xd8, 0x0c, 0xc3,
    0xe6, 0x1a, 0x9c, 0x06, 0x60, 0xd3, 0x88, 0xcf, 0x20, 0x94, 0x84, 0x84, 0x1c, 0x95, 0xf8, 0x34,
    0xc2, 0xa2, 0x90, 0x81, 0x81, 0x81, 0x01, 0x00, 0x7e, 0xc5, 0x62, 0x30, 0x15, 0x79, 0x4e, 0x4c,
    0x00, 0x00, 0x00, 0x00, 0x49, 0x45, 0x4e, 0x44, 0xae, 0x42, 0x60, 0x82,
};

static const unsigned char flint_icon_forward[] = {
    0x89, 0x50, 0x4e, 0x47, 0x0d, 0x0a, 0x1a, 0x0a, 0x00, 0x00, 0x00, 0x0d, 0x49, 0x48, 0x44, 0x52,
    0x00, 0x00, 0x00, 0x10, 0x00, 0x00, 0x00, 0x10, 0x08, 0x06, 0x00, 0x00, 0x00, 0x1f, 0xf3, 0xff,
    0x61, 0x00, 0x00, 0x00, 0x01, 0x73, 0x52, 0x47, 0x42, 0x00, 0xae, 0xce, 0x1c, 0xe9, 0x00, 0x00,
    0x00, 0x53, 0x49, 0x44, 0x41, 0x54, 0x38, 0x8d, 0xa5, 0xce, 0x4b, 0x0a, 0x00, 0x20, 0x0c, 0x43,
    0xc1, 0xd4, 0xfb, 0xdf, 0x59, 0x37, 0x15, 0xa4, 0xf4, 0x1b, 0xb3, 0x2b, 0xf8, 0x06, 0x01, 0xdd,
    0xd6, 0x45, 0x77, 0xb4, 0x55, 0x3d, 0xa8, 0x90, 0x12, 0xa8, 0x90, 0x16, 0x90, 0x21, 0x6d, 0x20,
    0x42, 0x46, 0x80, 0x87, 0x8c, 0x01, 0x8b, 0x50, 0xc0, 0x8b, 0xd0, 0xc0, 0xf7, 0x0f, 0x44, 0x44,
    0x68, 0xe0, 0xc6, 0x14, 0xf0, 0xc6, 0x63, 0xc0, 0xc6, 0x23, 0xc0, 0x8b, 0xdb, 0x40, 0x14, 0xb7,
    0x80, 0x2c, 0x06, 0x80, 0x03, 0xc2, 0xc9, 0x2c, 0x0f, 0xc0, 0xd7, 0xc6, 0x36, 0x00, 0x00, 0x00,
    0x00, 0x49, 0x45, 0x4e, 0x44, 0xae, 0x42, 0x60, 0x82,
};

static const unsigned char flint_icon_gear[] = {
    0x89, 0x50, 0x4e, 0x47, 0x0d, 0x0a, 0x1a, 0x0a, 0x00, 0x00, 0x00, 0x0d, 0x49, 0x48, 0x44, 0x52,
    0x00, 0x00, 0x00, 0x10, 0x00, 0x00, 0x00, 0x10, 0x08, 0x06, 0x00, 0x00, 0x00, 0x1f, 0xf3, 0xff,
    0x61, 0x00, 0x00, 0x00, 0x01, 0x73, 0x52, 0x47, 0x42, 0x00, 0xae, 0xce, 0x1c, 0xe9, 0x00, 0x00,
    0x00, 0x98, 0x49, 0x44, 0x41, 0x54, 0x38, 0x8d, 0xa5, 0x93, 0xc1, 0x15, 0x84, 0x20, 0x0c, 0x44,
    0x93, 0x7d, 0x94, 0x06, 0x35, 0xe0, 0x11, 0x2a, 0x73, 0x8f, 0x5a, 0xc3, 0xda, 0x5b, 0xbc, 0x18,
    0x18, 0x5d, 0x84, 0xf8, 0x9c, 0x93, 0x7c, 0x46, 0x98, 0x79, 0x00, 0x51, 0x47, 0x29, 0x7a, 0x49,
    0xd1, 0x4b, 0xcf, 0xe3, 0xd4, 0xa8, 0xe0, 0xbb, 0x6e, 0xac, 0x6c, 0x5e, 0x7e, 0x07, 0x0d, 0x82,
    0x1c, 0xbd, 0x4e, 0x07, 0x68, 0x3e, 0x8f, 0xf5, 0xfb, 0xcc, 0xf3, 0x14, 0x6a, 0x02, 0x14, 0xfe,
    0x68, 0xe1, 0x45, 0x29, 0x7a, 0x41, 0x5d, 0xe7, 0x71, 0x0e, 0x6b, 0x7c, 0x5a, 0x8b, 0x31, 0x33,
    0x5b, 0x58, 0x73, 0xf7, 0x7e, 0xce, 0x9a, 0xa4, 0xa4, 0x18, 0x45, 0x1f, 0x55, 0x69, 0x56, 0x78,
    0xac, 0x57, 0x15, 0x9e, 0x2c, 0x62, 0x3e, 0x85, 0xbb, 0x63, 0x34, 0x55, 0xb0, 0x4a, 0x53, 0xfc,
    0x25, 0xc8, 0x53, 0x28, 0xd7, 0xd4, 0xc2, 0x1d, 0x1a, 0x88, 0xea, 0x63, 0x22, 0x0a, 0x82, 0xf7,
    0x1e, 0xf9, 0x6d, 0x95, 0x56, 0xb5, 0xd1, 0x73, 0xde, 0x01, 0xa9, 0x79, 0xe4, 0x8b, 0x0f, 0x08,
    0x01, 0xc6, 0x00, 0x00, 0x00, 0x00, 0x49, 0x45, 0x4e, 0x44, 0xae, 0x42, 0x60, 0x82,
};

static const unsigned char flint_icon_github[] = {
    0x89, 0x50, 0x4e, 0x47, 0x0d, 0x0a, 0x1a, 0x0a, 0x00, 0x00, 0x00, 0x0d, 0x49, 0x48, 0x44, 0x52,
    0x00, 0x00, 0x00, 0x20, 0x00, 0x00, 0x00, 0x20, 0x08, 0x06, 0x00, 0x00, 0x00, 0x73, 0x7a, 0x7a,
    0xf4, 0x00, 0x00, 0x00, 0x01, 0x73, 0x52, 0x47, 0x42, 0x00, 0xae, 0xce, 0x1c, 0xe9, 0x00, 0x00,
    0x01, 0x06, 0x49, 0x44, 0x41, 0x54, 0x58, 0x85, 0xcd, 0x57, 0xdb, 0x16, 0xc3, 0x20, 0x08, 0x83,
    0x9e, 0xfd, 0xff, 0x2f, 0xb3, 0x97, 0xe9, 0xac, 0xe5, 0x12, 0xd0, 0x6e, 0xcd, 0xdb, 0x8e, 0x98,
    0xa4, 0x91, 0x3a, 0xca, 0x94, 0x87, 0x04, 0xeb, 0x9c, 0x21, 0x43, 0x8b, 0x23, 0xd1, 0x32, 0x3f,
    0x62, 0xa0, 0x2a, 0x0e, 0x69, 0x78, 0x8b, 0xab, 0xc2, 0x90, 0x96, 0x65, 0x60, 0xb7, 0xb8, 0xa9,
    0xa7, 0x19, 0x10, 0x22, 0x22, 0x91, 0xaf, 0x07, 0xe6, 0x54, 0x5f, 0x51, 0xb0, 0xff, 0xf4, 0xe3,
    0xa5, 0x89, 0x6b, 0x64, 0x8d, 0x64, 0x24, 0x9e, 0x81, 0xd4, 0x7c, 0x34, 0xba, 0x89, 0xd9, 0x80,
    0xbd, 0xcb, 0x27, 0x85, 0x6b, 0x66, 0x8c, 0x71, 0x98, 0x4f, 0xbf, 0x02, 0xe7, 0xf8, 0x98, 0x88,
    0xe8, 0xf0, 0xc4, 0x6f, 0x86, 0x8c, 0x06, 0xf4, 0x8a, 0xc5, 0xa7, 0x47, 0x38, 0x5c, 0x03, 0xbf,
    0xc0, 0x41, 0xff, 0x89, 0xbf, 0x41, 0x1e, 0x91, 0xc0, 0x73, 0x0d, 0x54, 0x6e, 0xc0, 0x2c, 0x47,
    0x98, 0xc0, 0x8a, 0x09, 0x64, 0x2f, 0x74, 0x04, 0x15, 0x13, 0xe8, 0x1e, 0xb8, 0x07, 0x32, 0x26,
    0x52, 0xb5, 0x54, 0x78, 0x0d, 0xad, 0xcb, 0xa5, 0x94, 0x54, 0xe3, 0x5c, 0x35, 0x51, 0xec, 0x15,
    0x2e, 0xbd, 0x86, 0x5a, 0x02, 0xd5, 0x6b, 0xfb, 0x62, 0x40, 0x44, 0x5c, 0xb2, 0xea, 0x5a, 0x64,
    0xe0, 0x92, 0x5f, 0x64, 0x64, 0x03, 0x58, 0x13, 0xee, 0x8a, 0xd6, 0x19, 0x47, 0xa6, 0xc0, 0x5e,
    0xe8, 0x45, 0x70, 0x0f, 0xdc, 0x95, 0x86, 0x39, 0x94, 0x56, 0xc5, 0x81, 0x04, 0x4e, 0x05, 0x5a,
    0x02, 0xd7, 0xd1, 0x79, 0xc3, 0x7f, 0x82, 0xc9, 0xed, 0x14, 0x97, 0x66, 0xc4, 0x68, 0x06, 0x9c,
    0xe1, 0x4d, 0xc5, 0xe5, 0x4b, 0x0a, 0x11, 0x6e, 0x40, 0x9a, 0x70, 0x25, 0xff, 0x70, 0x2f, 0xfa,
    0x5d, 0x10, 0x8e, 0xef, 0x19, 0xd1, 0x11, 0x6f, 0xe0, 0xc5, 0x5f, 0x30, 0xa6, 0x88, 0x89, 0xe3,
    0x00, 0x00, 0x00, 0x00, 0x49, 0x45, 0x4e, 0x44, 0xae, 0x42, 0x60, 0x82,
};

static const unsigned char flint_icon_globe[] = {
    0x89, 0x50, 0x4e, 0x47, 0x0d, 0x0a, 0x1a, 0x0a, 0x00, 0x00, 0x00, 0x0d, 0x49, 0x48, 0x44, 0x52,
    0x00, 0x00, 0x00, 0x10, 0x00, 0x00, 0x00, 0x10, 0x08, 0x06, 0x00, 0x00, 0x00, 0x1f, 0xf3, 0xff,
    0x61, 0x00, 0x00, 0x00, 0x01, 0x73, 0x52, 0x47, 0x42, 0x00, 0xae, 0xce, 0x1c, 0xe9, 0x00, 0x00,
    0x00, 0x7a, 0x49, 0x44, 0x41, 0x54, 0x38, 0x8d, 0xad, 0x53, 0x39, 0x12, 0xc0, 0x20, 0x08, 0x04,
    0x27, 0x1f, 0xb5, 0xca, 0x9b, 0xa8, 0x7c, 0x2a, 0xa9, 0x74, 0x50, 0x17, 0x0c, 0x93, 0x6c, 0x85,
    0x08, 0xcb, 0xcd, 0x04, 0x50, 0x45, 0x15, 0xe9, 0xdb, 0xcd, 0xbc, 0xea, 0x8a, 0xe7, 0x6c, 0x8d,
    0xbb, 0x8c, 0x88, 0x27, 0x02, 0xe4, 0x7c, 0x22, 0x19, 0x86, 0x5e, 0xda, 0x1e, 0xa6, 0x20, 0x55,
    0x54, 0x11, 0xc1, 0x1b, 0x7d, 0x89, 0xd2, 0x3e, 0x45, 0xaf, 0xa2, 0xca, 0xd9, 0xd4, 0x37, 0x44,
    0x04, 0x5e, 0x09, 0xf6, 0x7f, 0x1b, 0x63, 0x16, 0x9f, 0x4b, 0xb8, 0xba, 0x80, 0x9a, 0x18, 0x35,
    0x78, 0x4c, 0x21, 0xda, 0x32, 0x0f, 0x96, 0xf8, 0x9f, 0x45, 0xb2, 0x24, 0x96, 0xe8, 0xf4, 0x26,
    0x5a, 0x6e, 0x21, 0x2a, 0xc7, 0xeb, 0x07, 0xdc, 0xbe, 0xcc, 0x39, 0x3f, 0x25, 0x4d, 0x75, 0x87,
    0x25, 0xe0, 0x28, 0x7c, 0x00, 0x00, 0x00, 0x00, 0x49, 0x45, 0x4e, 0x44, 0xae, 0x42, 0x60, 0x82,
};

static const unsigned char flint_icon_habit[] = {
    0x89, 0x50, 0x4e, 0x47, 0x0d, 0x0a, 0x1a, 0x0a, 0x00, 0x00, 0x00, 0x0d, 0x49, 0x48, 0x44, 0x52,
    0x00, 0x00, 0x00, 0x10, 0x00, 0x00, 0x00, 0x10, 0x08, 0x06, 0x00, 0x00, 0x00, 0x1f, 0xf3, 0xff,
    0x61, 0x00, 0x00, 0x00, 0x01, 0x73, 0x52, 0x47, 0x42, 0x00, 0xae, 0xce, 0x1c, 0xe9, 0x00, 0x00,
    0x00, 0x72, 0x49, 0x44, 0x41, 0x54, 0x38, 0x8d, 0x63, 0x60, 0xc0, 0x03, 0x12, 0xc2, 0x5d, 0xfe,
    0xe3, 0x93, 0xc7, 0x0b, 0x12, 0xc2, 0x5d, 0xfe, 0xff, 0xff, 0xff, 0xff, 0x3f, 0x21, 0x43, 0x98,
    0xc8, 0xb6, 0x81, 0x18, 0xdb, 0x61, 0x00, 0x9f, 0x2b, 0x28, 0x76, 0x01, 0x23, 0xcc, 0x46, 0x64,
    0xc1, 0xf9, 0x2b, 0x76, 0x63, 0x28, 0x4c, 0x8c, 0x70, 0x45, 0xe1, 0x2f, 0x58, 0xb9, 0x87, 0x11,
    0xab, 0x73, 0x61, 0x4e, 0xc6, 0xc7, 0x47, 0xf6, 0x16, 0x75, 0x02, 0x11, 0x9f, 0x2b, 0xf0, 0xd9,
    0x4e, 0x3d, 0x17, 0x10, 0x72, 0x05, 0xbe, 0x28, 0xc5, 0xeb, 0x02, 0x6c, 0xb1, 0x41, 0xb2, 0x2b,
    0xf0, 0xd9, 0x4e, 0x92, 0x21, 0x24, 0x65, 0xac, 0x84, 0x70, 0x17, 0x94, 0x58, 0x20, 0x3b, 0x57,
    0x12, 0xa3, 0x11, 0x00, 0x93, 0x62, 0xed, 0xc4, 0xdc, 0xd0, 0x56, 0x98, 0x00, 0x00, 0x00, 0x00,
    0x49, 0x45, 0x4e, 0x44, 0xae, 0x42, 0x60, 0x82,
};

static const unsigned char flint_icon_home[] = {
    0x89, 0x50, 0x4e, 0x47, 0x0d, 0x0a, 0x1a, 0x0a, 0x00, 0x00, 0x00, 0x0d, 0x49, 0x48, 0x44, 0x52,
    0x00, 0x00, 0x00, 0x10, 0x00, 0x00, 0x00, 0x10, 0x08, 0x06, 0x00, 0x00, 0x00, 0x1f, 0xf3, 0xff,
    0x61, 0x00, 0x00, 0x00, 0x01, 0x73, 0x52, 0x47, 0x42, 0x00, 0xae, 0xce, 0x1c, 0xe9, 0x00, 0x00,
    0x00, 0x92, 0x49, 0x44, 0x41, 0x54, 0x38, 0x8d, 0x63, 0x60, 0xa0, 0x10, 0x30, 0xe2, 0x10, 0xff,
    0x4f, 0xac, 0x7a, 0x6c, 0x06, 0xfc, 0x67, 0x60, 0x60, 0x60, 0x08, 0xd0, 0x56, 0x45, 0x11, 0xdc,
    0x70, 0xf5, 0x36, 0x56, 0x3d, 0xe8, 0x06, 0x60, 0xd5, 0x8c, 0xcf, 0x10, 0x64, 0x03, 0xf0, 0x6a,
    0xc6, 0x65, 0x08, 0xcc, 0x00, 0xa2, 0x34, 0x63, 0x33, 0x04, 0xc5, 0x00, 0x32, 0x00, 0x23, 0x8a,
    0x17, 0xd2, 0x2c, 0x0c, 0x89, 0xd2, 0x35, 0xeb, 0xc4, 0x79, 0x06, 0x06, 0x2c, 0x11, 0xf0, 0x3f,
    0xcd, 0xc2, 0xf0, 0x3f, 0xd4, 0x35, 0xff, 0xb1, 0xf1, 0xd1, 0xc4, 0x18, 0x18, 0x18, 0x18, 0x18,
    0x98, 0xb0, 0xd9, 0x90, 0x34, 0x0b, 0xd5, 0x47, 0x2e, 0x1a, 0xd6, 0x0c, 0x2e, 0x1a, 0xd6, 0x58,
    0x5d, 0x83, 0xd5, 0x80, 0x79, 0x69, 0xb8, 0xd2, 0x17, 0x26, 0x60, 0x41, 0x17, 0xc0, 0x15, 0x0e,
    0x7b, 0x6e, 0x1c, 0x25, 0xde, 0x05, 0xd8, 0x00, 0x49, 0x5e, 0x20, 0x05, 0x60, 0xa4, 0x44, 0x32,
    0xf5, 0x92, 0x0f, 0x00, 0x69, 0x9b, 0x2d, 0x93, 0x22, 0x2e, 0x36, 0x30, 0x00, 0x00, 0x00, 0x00,
    0x49, 0x45, 0x4e, 0x44, 0xae, 0x42, 0x60, 0x82,
};

static const unsigned char flint_icon_inbe[] = {
    0x89, 0x50, 0x4e, 0x47, 0x0d, 0x0a, 0x1a, 0x0a, 0x00, 0x00, 0x00, 0x0d, 0x49, 0x48, 0x44, 0x52,
    0x00, 0x00, 0x00, 0x20, 0x00, 0x00, 0x00, 0x20, 0x08, 0x06, 0x00, 0x00, 0x00, 0x73, 0x7a, 0x7a,
    0xf4, 0x00, 0x00, 0x00, 0x01, 0x73, 0x52, 0x47, 0x42, 0x00, 0xae, 0xce, 0x1c, 0xe9, 0x00, 0x00,
    0x02, 0xfa, 0x49, 0x44, 0x41, 0x54, 0x58, 0x85, 0xad, 0x57, 0x4d, 0x4b, 0x5b, 0x41, 0x14, 0x3d,
    0x79, 0x11, 0x41, 0x52, 0x1b, 0x05, 0x37, 0x15, 0x21, 0x14, 0xb2, 0x72, 0x51, 0x04, 0x71, 0x6f,
    0x7f, 0x44, 0x7e, 0x81, 0x58, 0x02, 0x5d, 0x18, 0xc8, 0x26, 0x41, 0xc8, 0x42, 0x90, 0x64, 0x23,
    0xe8, 0xa2, 0x10, 0x14, 0x7f, 0x41, 0xda, 0xdf, 0x60, 0xf7, 0x45, 0x70, 0xd5, 0x55, 0x20, 0x08,
    0xa2, 0x9b, 0x40, 0x13, 0x2a, 0x08, 0x81, 0x24, 0x5d, 0x94, 0x33, 0xb9, 0x73, 0xe7, 0xce, 0x4b,
    0x2a, 0x3d, 0xf0, 0x08, 0xf3, 0xf1, 0xee, 0x39, 0xf7, 0x63, 0xee, 0xbc, 0x64, 0x72, 0xb9, 0xc2,
    0x14, 0x0a, 0x4f, 0x97, 0xeb, 0x78, 0xf7, 0xe9, 0x97, 0x9e, 0xf6, 0x90, 0x4d, 0xf2, 0xa9, 0xeb,
    0x8b, 0x22, 0xa1, 0x31, 0x1a, 0x7c, 0xba, 0x5c, 0xf7, 0x7e, 0xff, 0x07, 0xf9, 0x43, 0x3b, 0xc1,
    0x43, 0x3b, 0x31, 0xd7, 0x32, 0xb9, 0x5c, 0x61, 0x4a, 0x83, 0xe3, 0xc9, 0xd0, 0x91, 0x6f, 0x95,
    0x27, 0x6e, 0x4c, 0x14, 0x4b, 0x07, 0xa9, 0x44, 0xbd, 0x6f, 0x5f, 0x53, 0x45, 0x00, 0xc0, 0x56,
    0x79, 0x32, 0x5f, 0x80, 0x1e, 0x4b, 0x01, 0x27, 0xb5, 0x0a, 0x00, 0xe0, 0xf1, 0x25, 0xeb, 0xe6,
    0x37, 0x57, 0xc6, 0x68, 0xb4, 0xce, 0x01, 0x00, 0xdd, 0xce, 0x75, 0x34, 0x42, 0xe3, 0xc9, 0x30,
    0x58, 0xf3, 0xe2, 0x22, 0x53, 0xa1, 0xc9, 0x25, 0x24, 0x39, 0xc7, 0x14, 0x66, 0xbd, 0x3b, 0x9e,
    0x0c, 0x4d, 0xf2, 0x40, 0x80, 0xdc, 0xac, 0x21, 0xbd, 0x6f, 0x5f, 0x9c, 0x61, 0x73, 0x65, 0xec,
    0x1e, 0x0b, 0x69, 0x0e, 0xc8, 0x3d, 0x19, 0x9e, 0x82, 0x6c, 0x92, 0x8f, 0xbe, 0x24, 0xc9, 0x19,
    0x6a, 0x00, 0x38, 0xa9, 0x55, 0xcc, 0x71, 0xb7, 0x73, 0xed, 0xe6, 0x62, 0x76, 0x19, 0x8d, 0xa5,
    0x79, 0xe4, 0x1a, 0x32, 0xd4, 0x92, 0xf4, 0xa4, 0x56, 0x71, 0xa9, 0x29, 0x96, 0x0e, 0x02, 0x11,
    0xc3, 0x1f, 0xef, 0x01, 0x00, 0xf9, 0xbd, 0x9e, 0x97, 0x92, 0x20, 0x05, 0xcf, 0xb7, 0x3b, 0x0b,
    0x09, 0xd1, 0x22, 0x74, 0x5d, 0x68, 0xe4, 0xf7, 0x7a, 0xe6, 0x7c, 0x02, 0xf8, 0xc7, 0x8f, 0x22,
    0x64, 0x41, 0x02, 0x7e, 0xe8, 0x1b, 0xad, 0x73, 0xf7, 0x48, 0xb0, 0x1e, 0xa4, 0xf7, 0xf4, 0x76,
    0x3c, 0x19, 0x7a, 0x22, 0x68, 0xdb, 0x45, 0x80, 0xe4, 0xbf, 0x6f, 0xef, 0x01, 0xc0, 0x85, 0x4c,
    0x1a, 0x24, 0xa1, 0x4c, 0x03, 0xe7, 0xe4, 0x51, 0xfc, 0x17, 0x78, 0x7d, 0x80, 0xcd, 0x62, 0x75,
    0xb7, 0xe0, 0xd4, 0xca, 0xda, 0x60, 0x23, 0x62, 0xc8, 0xe9, 0xb1, 0x24, 0x96, 0xde, 0x3f, 0xdf,
    0xee, 0xe0, 0xcd, 0xee, 0x5d, 0xaa, 0x00, 0x2f, 0x05, 0xec, 0x52, 0xb1, 0x7c, 0xd1, 0xb8, 0xcc,
    0xb7, 0xec, 0x01, 0x9a, 0x5c, 0xfe, 0xc6, 0x9a, 0x53, 0x46, 0x5f, 0x46, 0x72, 0xa3, 0xd5, 0x09,
    0xcb, 0x47, 0x55, 0x00, 0xb3, 0x7c, 0x53, 0x4c, 0xfb, 0xe2, 0x2c, 0x10, 0xb1, 0x08, 0x9c, 0x00,
    0x86, 0x4b, 0x1f, 0xc9, 0xce, 0xf7, 0x9f, 0x00, 0x80, 0xfa, 0x97, 0xb3, 0x80, 0x9c, 0x60, 0x3a,
    0x98, 0x8a, 0xe6, 0xe7, 0xaa, 0x5b, 0x2b, 0xed, 0x6f, 0xcf, 0x17, 0x20, 0x8f, 0x1e, 0x73, 0x76,
    0x73, 0xd7, 0x75, 0x73, 0x87, 0xa7, 0x4d, 0x00, 0x48, 0x15, 0xc0, 0x79, 0x8a, 0xb8, 0x3a, 0xae,
    0xa3, 0x3f, 0x18, 0x01, 0x00, 0x36, 0xd6, 0x96, 0x01, 0x00, 0x1f, 0x77, 0x8a, 0x81, 0x80, 0x04,
    0x98, 0xe5, 0xdc, 0x22, 0x27, 0x98, 0x67, 0xab, 0xda, 0x65, 0x3a, 0xb8, 0xef, 0xf0, 0xb4, 0xe9,
    0x88, 0xfb, 0x83, 0x11, 0xfa, 0x83, 0x11, 0x6e, 0xee, 0xba, 0x81, 0x6d, 0x77, 0x0c, 0x29, 0x42,
    0x6f, 0x38, 0x3c, 0x6d, 0xa2, 0x7c, 0x54, 0xf5, 0xc2, 0xac, 0xbb, 0x61, 0xa3, 0x75, 0xee, 0x6a,
    0xc0, 0x12, 0xc1, 0x87, 0x91, 0x94, 0x1c, 0x5e, 0x11, 0xc6, 0xc8, 0xb5, 0xe7, 0x5a, 0x00, 0x45,
    0x70, 0x4d, 0xd7, 0x84, 0xc6, 0xd5, 0x71, 0xdd, 0xa5, 0xc3, 0x09, 0xb0, 0xc8, 0xad, 0x0b, 0x28,
    0x26, 0x40, 0x9e, 0x06, 0xdd, 0xa8, 0xf4, 0x98, 0xf5, 0x51, 0xda, 0xdf, 0xfe, 0x2b, 0x80, 0xe4,
    0x0c, 0x91, 0x24, 0xe1, 0x0b, 0x31, 0x71, 0xfa, 0x0e, 0x60, 0x2a, 0x62, 0xa0, 0x2d, 0x0a, 0x58,
    0x8a, 0x6d, 0x94, 0xd5, 0x2c, 0x85, 0xc9, 0x75, 0xa6, 0x67, 0x11, 0x72, 0xed, 0x04, 0xe1, 0x04,
    0xf4, 0x07, 0x23, 0x73, 0x93, 0xf4, 0x56, 0x42, 0x1e, 0x3d, 0xd9, 0x96, 0x09, 0x79, 0x43, 0x6a,
    0x61, 0x3c, 0x9e, 0x9e, 0x00, 0x0b, 0x16, 0x79, 0xec, 0x5b, 0x50, 0x13, 0x3f, 0xbe, 0xd8, 0x36,
    0x49, 0xce, 0x06, 0xb5, 0x64, 0x2d, 0x02, 0xb3, 0xe6, 0xb1, 0x08, 0xb1, 0x14, 0x99, 0x56, 0x13,
    0x9a, 0x3c, 0x10, 0x60, 0x81, 0x55, 0x9c, 0x46, 0xaa, 0xc9, 0xf5, 0x5e, 0x99, 0x5a, 0xe9, 0x58,
    0x36, 0xc9, 0x87, 0xc7, 0xd0, 0x8a, 0x02, 0x8b, 0xd0, 0x6a, 0x40, 0x31, 0x48, 0x52, 0x69, 0x53,
    0x7a, 0xef, 0x09, 0x20, 0xb4, 0x10, 0xa9, 0x58, 0x9f, 0x86, 0x58, 0x65, 0x4b, 0x58, 0x61, 0x27,
    0x39, 0x60, 0x5c, 0xc7, 0x52, 0xc4, 0x6b, 0x20, 0xbd, 0x05, 0xec, 0x8b, 0x48, 0x5e, 0xf9, 0x99,
    0xb7, 0xab, 0x1f, 0xa6, 0x40, 0x78, 0xf7, 0xc7, 0x44, 0x68, 0x82, 0x18, 0xe6, 0x11, 0x07, 0x02,
    0x08, 0xeb, 0xf3, 0xdc, 0x12, 0x93, 0x26, 0x64, 0x63, 0x6d, 0x39, 0xb8, 0x7a, 0xa3, 0x5f, 0x44,
    0x52, 0xc0, 0xa2, 0xff, 0x0d, 0x5e, 0x03, 0x2d, 0x80, 0x5c, 0x7f, 0x00, 0x33, 0x9f, 0x0a, 0x53,
    0xdc, 0xa5, 0x75, 0x7d, 0x00, 0x00, 0x00, 0x00, 0x49, 0x45, 0x4e, 0x44, 0xae, 0x42, 0x60, 0x82,
};

static const unsigned char flint_icon_itch[] = {
    0x89, 0x50, 0x4e, 0x47, 0x0d, 0x0a, 0x1a, 0x0a, 0x00, 0x00, 0x00, 0x0d, 0x49, 0x48, 0x44, 0x52,
    0x00, 0x00, 0x00, 0x20, 0x00, 0x00, 0x00, 0x20, 0x08, 0x06, 0x00, 0x00, 0x00, 0x73, 0x7a, 0x7a,
    0xf4, 0x00, 0x00, 0x00, 0x01, 0x73, 0x52, 0x47, 0x42, 0x00, 0xae, 0xce, 0x1c, 0xe9, 0x00, 0x00,
    0x01, 0x12, 0x49, 0x44, 0x41, 0x54, 0x58, 0x85, 0xed, 0x56, 0x5b, 0x12, 0x83, 0x20, 0x0c, 0xcc,
    0x3a, 0x9e, 0xc8, 0xab, 0xe0, 0x31, 0xf1, 0x2a, 0x5c, 0x89, 0xfe, 0x14, 0x27, 0x62, 0x1a, 0x12,
    0xea, 0xeb, 0xc3, 0x9d, 0xe9, 0x4c, 0x21, 0x98, 0x5d, 0x09, 0x1b, 0x04, 0x31, 0xe4, 0x9c, 0x33,
    0x11, 0xd1, 0x32, 0xcd, 0x74, 0x16, 0x42, 0x8a, 0x04, 0x00, 0x65, 0x3c, 0x72, 0xe2, 0xb3, 0xc9,
    0x25, 0x8c, 0x77, 0x10, 0x97, 0x17, 0x06, 0x80, 0xe1, 0x32, 0xd6, 0x2f, 0x96, 0x69, 0xde, 0xbc,
    0xec, 0xe5, 0x02, 0x6a, 0x34, 0x05, 0x84, 0x14, 0xdd, 0xb1, 0x90, 0xe2, 0xe6, 0x67, 0x12, 0x20,
    0x2d, 0x2c, 0x73, 0x9e, 0x58, 0x19, 0xd7, 0x5b, 0xad, 0x0a, 0x28, 0xb6, 0xe0, 0xc9, 0x78, 0x22,
    0x4f, 0x8c, 0xcf, 0xd7, 0xeb, 0x25, 0x80, 0x0f, 0xb8, 0x1d, 0xeb, 0x44, 0x1a, 0x49, 0xaf, 0x00,
    0xf0, 0x86, 0x50, 0x04, 0x5c, 0x61, 0x47, 0xde, 0x8c, 0x9e, 0xef, 0x82, 0x57, 0xc0, 0xd9, 0x18,
    0xb5, 0xa0, 0x74, 0x7a, 0x5b, 0x87, 0xd4, 0xfb, 0xcc, 0xba, 0x03, 0xb5, 0x05, 0x3d, 0x04, 0x96,
    0x58, 0x53, 0x00, 0x91, 0xee, 0xed, 0x16, 0x91, 0x97, 0x7c, 0xbd, 0x11, 0xf9, 0x84, 0x55, 0x40,
    0x0f, 0xa4, 0xe6, 0xf4, 0xf7, 0x75, 0x6c, 0xed, 0xf7, 0x1a, 0x06, 0x22, 0x7b, 0xfd, 0x6b, 0x72,
    0xe9, 0x7f, 0x97, 0x00, 0x6f, 0x12, 0x69, 0x6d, 0xaf, 0x08, 0x77, 0x09, 0x34, 0x22, 0x2d, 0xf6,
    0xeb, 0x4c, 0xa9, 0x7d, 0x40, 0x4b, 0xe4, 0xb9, 0x72, 0x35, 0x88, 0x3b, 0x70, 0xb4, 0x03, 0xb4,
    0xbc, 0xcf, 0x6e, 0xc5, 0x1a, 0x7a, 0x77, 0x29, 0xa4, 0xb8, 0x29, 0xdf, 0x4e, 0x80, 0x96, 0xd8,
    0x73, 0xd2, 0xad, 0x02, 0xcd, 0x25, 0xf0, 0xda, 0xcc, 0xba, 0xde, 0x24, 0xa0, 0xd7, 0xe3, 0x96,
    0xe7, 0x76, 0x25, 0x38, 0xfa, 0x9b, 0xb0, 0x95, 0xef, 0x76, 0x17, 0x80, 0xa8, 0xef, 0x2e, 0x38,
    0x84, 0x1c, 0xc0, 0x07, 0x38, 0xb5, 0x9e, 0x72, 0x92, 0x81, 0xe5, 0xa4, 0x00, 0x00, 0x00, 0x00,
    0x49, 0x45, 0x4e, 0x44, 0xae, 0x42, 0x60, 0x82,
};

static const unsigned char flint_icon_jupiter[] = {
    0x89, 0x50, 0x4e, 0x47, 0x0d, 0x0a, 0x1a, 0x0a, 0x00, 0x00, 0x00, 0x0d, 0x49, 0x48, 0x44, 0x52,
    0x00, 0x00, 0x00, 0x10, 0x00, 0x00, 0x00, 0x10, 0x08, 0x06, 0x00, 0x00, 0x00, 0x1f, 0xf3, 0xff,
    0x61, 0x00, 0x00, 0x00, 0x01, 0x73, 0x52, 0x47, 0x42, 0x00, 0xae, 0xce, 0x1c, 0xe9, 0x00, 0x00,
    0x00, 0x51, 0x49, 0x44, 0x41, 0x54, 0x38, 0x8d, 0xb5, 0x93, 0x49, 0x0e, 0x00, 0x20, 0x0c, 0x02,
    0xc1, 0xff, 0xff, 0x19, 0x2f, 0xc6, 0x83, 0x5b, 0x5a, 0xd4, 0x39, 0x1a, 0x33, 0x42, 0x53, 0x01,
    0x00, 0x92, 0x04, 0x13, 0x8e, 0x02, 0x92, 0x74, 0x65, 0x50, 0xc3, 0x16, 0x8c, 0x69, 0x22, 0x94,
    0x17, 0x92, 0x2b, 0xc1, 0x32, 0x41, 0x86, 0xf7, 0x82, 0x6f, 0xfd, 0x77, 0xe7, 0x25, 0x72, 0xe9,
    0xc4, 0x54, 0x21, 0xbb, 0x89, 0x5d, 0xe0, 0x76, 0xef, 0xaf, 0x65, 0x05, 0xe9, 0x3f, 0x13, 0x1a,
    0xa2, 0x43, 0x05, 0xa4, 0x19, 0x37, 0xe7, 0xaf, 0x3c, 0xb7, 0x9f, 0x00, 0x00, 0x00, 0x00, 0x49,
    0x45, 0x4e, 0x44, 0xae, 0x42, 0x60, 0x82,
};

static const unsigned char flint_icon_lightoff[] = {
    0x89, 0x50, 0x4e, 0x47, 0x0d, 0x0a, 0x1a, 0x0a, 0x00, 0x00, 0x00, 0x0d, 0x49, 0x48, 0x44, 0x52,
    0x00, 0x00, 0x00, 0x10, 0x00, 0x00, 0x00, 0x10, 0x08, 0x06, 0x00, 0x00, 0x00, 0x1f, 0xf3, 0xff,
    0x61, 0x00, 0x00, 0x00, 0x01, 0x73, 0x52, 0x47, 0x42, 0x00, 0xae, 0xce, 0x1c, 0xe9, 0x00, 0x00,
    0x00, 0x93, 0x49, 0x44, 0x41, 0x54, 0x38, 0x8d, 0xa5, 0x93, 0x51, 0x0d, 0x04, 0x21, 0x0c, 0x44,
    0xe1, 0x4c, 0x54, 0x03, 0x12, 0x2a, 0x01, 0x0d, 0x58, 0x40, 0x0e, 0x16, 0xd0, 0x82, 0x84, 0x06,
    0x09, 0xfd, 0xc3, 0xc1, 0xee, 0x17, 0x9b, 0xdd, 0xbb, 0x1d, 0xe0, 0xc2, 0x24, 0x04, 0x12, 0xa6,
    0x8f, 0x29, 0x04, 0x63, 0x36, 0x65, 0xd1, 0x46, 0x29, 0xe5, 0xe8, 0x6b, 0x66, 0x86, 0x3e, 0x58,
    0xdc, 0x5a, 0xbb, 0xc6, 0x1d, 0xf6, 0x77, 0xf1, 0x0c, 0x62, 0xbf, 0x8b, 0x9d, 0x73, 0x10, 0x2e,
    0x22, 0x3f, 0xed, 0x7c, 0x90, 0x59, 0x55, 0x1f, 0x33, 0x12, 0x04, 0xac, 0x0a, 0x02, 0x88, 0xc8,
    0xa8, 0xaa, 0x21, 0xa2, 0x75, 0x00, 0x33, 0x5b, 0x11, 0x79, 0x35, 0xbe, 0xf5, 0x0f, 0xd5, 0x5f,
    0xa2, 0xd6, 0x3a, 0x7d, 0xc6, 0xed, 0x3b, 0x80, 0x91, 0x62, 0x8c, 0xd7, 0xa9, 0x29, 0x25, 0xe8,
    0x1b, 0x26, 0x08, 0x21, 0x4c, 0x13, 0x0c, 0x01, 0x39, 0xe7, 0x3d, 0xc0, 0x4a, 0x82, 0xa1, 0xbc,
    0xf7, 0xd3, 0x4f, 0x74, 0x02, 0x4c, 0x41, 0x61, 0xb4, 0x29, 0x89, 0x87, 0x19, 0x00, 0x00, 0x00,
    0x00, 0x49, 0x45, 0x4e, 0x44, 0xae, 0x42, 0x60, 0x82,
};

static const unsigned char flint_icon_lighton[] = {
    0x89, 0x50, 0x4e, 0x47, 0x0d, 0x0a, 0x1a, 0x0a, 0x00, 0x00, 0x00, 0x0d, 0x49, 0x48, 0x44, 0x52,
    0x00, 0x00, 0x00, 0x10, 0x00, 0x00, 0x00, 0x10, 0x08, 0x06, 0x00, 0x00, 0x00, 0x1f, 0xf3, 0xff,
    0x61, 0x00, 0x00, 0x00, 0x01, 0x73, 0x52, 0x47, 0x42, 0x00, 0xae, 0xce, 0x1c, 0xe9, 0x00, 0x00,
    0x00, 0x92, 0x49, 0x44, 0x41, 0x54, 0x38, 0x8d, 0x63, 0x60, 0xa0, 0x10, 0x30, 0xe2, 0x92, 0xf8,
    0xbd, 0xcf, 0xec, 0x3f, 0x8c, 0xcd, 0xea, 0x74, 0x0a, 0xa7, 0x3a, 0xac, 0x12, 0xbf, 0xf7, 0x99,
    0xfd, 0x67, 0x90, 0x46, 0x12, 0x78, 0x8a, 0xdb, 0x10, 0x0c, 0x41, 0x0c, 0xcd, 0x04, 0x0c, 0x41,
    0x11, 0xc0, 0xa9, 0x19, 0x8f, 0x21, 0x4c, 0xb8, 0xd4, 0xb2, 0xa8, 0x9d, 0x44, 0xa1, 0x71, 0x01,
    0x9c, 0x06, 0x10, 0x0b, 0x70, 0x1a, 0xf0, 0xe7, 0x96, 0x39, 0x03, 0x8b, 0xda, 0x49, 0x86, 0x3f,
    0xb7, 0xcc, 0x89, 0x37, 0x80, 0xd5, 0xe9, 0x14, 0x23, 0xc3, 0x53, 0x1c, 0x2a, 0x71, 0x04, 0x22,
    0x86, 0x0b, 0xb0, 0x1a, 0x82, 0x27, 0x1a, 0x29, 0x0e, 0x03, 0x9c, 0x29, 0x2c, 0x27, 0x27, 0x07,
    0x9e, 0x12, 0xa7, 0x4c, 0x99, 0x82, 0x53, 0x1d, 0x5e, 0x17, 0x44, 0x47, 0x47, 0x13, 0x74, 0x01,
    0x5e, 0x03, 0x96, 0x2e, 0x5d, 0x4a, 0x99, 0x01, 0xc4, 0xb8, 0x00, 0x2f, 0xf0, 0xf4, 0xf4, 0xfc,
    0x4f, 0x48, 0x0d, 0x00, 0x52, 0x42, 0x2b, 0xd2, 0xad, 0x29, 0xd9, 0x72, 0x00, 0x00, 0x00, 0x00,
    0x49, 0x45, 0x4e, 0x44, 0xae, 0x42, 0x60, 0x82,
};

static const unsigned char flint_icon_link[] = {
    0x89, 0x50, 0x4e, 0x47, 0x0d, 0x0a, 0x1a, 0x0a, 0x00, 0x00, 0x00, 0x0d, 0x49, 0x48, 0x44, 0x52,
    0x00, 0x00, 0x00, 0x10, 0x00, 0x00, 0x00, 0x10, 0x08, 0x06, 0x00, 0x00, 0x00, 0x1f, 0xf3, 0xff,
    0x61, 0x00, 0x00, 0x00, 0x01, 0x73, 0x52, 0x47, 0x42, 0x00, 0xae, 0xce, 0x1c, 0xe9, 0x00, 0x00,
    0x00, 0x8f, 0x49, 0x44, 0x41, 0x54, 0x38, 0x8d, 0x95, 0x93, 0xc1, 0x15, 0x80, 0x30, 0x08, 0x43,
    0xa1, 0x1b, 0x39, 0x83, 0x67, 0x07, 0xe9, 0x44, 0x0c, 0xd2, 0x73, 0x67, 0xe8, 0x48, 0x7a, 0xaa,
    0x0f, 0x68, 0x28, 0xca, 0xa9, 0x86, 0xf7, 0x43, 0x8a, 0xca, 0x04, 0xaa, 0xd6, 0x7a, 0x23, 0x5d,
    0x44, 0xd8, 0x6b, 0x8b, 0x10, 0xc1, 0x91, 0x89, 0x79, 0xc8, 0x60, 0x64, 0xf2, 0x1e, 0xbe, 0xc2,
    0xde, 0xa4, 0x64, 0xf0, 0x71, 0x5e, 0x50, 0x9f, 0x0c, 0x67, 0x93, 0xa7, 0xc1, 0xe8, 0x0d, 0xf6,
    0x0b, 0x02, 0xd0, 0xd4, 0x48, 0x37, 0x09, 0xa2, 0xb8, 0xbe, 0x74, 0x9a, 0x25, 0xc1, 0xdf, 0x32,
    0x06, 0xda, 0x79, 0xf4, 0xb6, 0xdc, 0x1b, 0x69, 0x9f, 0x13, 0x44, 0x4b, 0x64, 0x22, 0xfb, 0x1a,
    0xb3, 0xad, 0xeb, 0x12, 0x11, 0x2e, 0xf3, 0xe0, 0x9b, 0xd9, 0x42, 0x27, 0x03, 0x3f, 0x65, 0x0d,
    0xa3, 0x24, 0x7a, 0x60, 0x41, 0x8d, 0x5d, 0xfc, 0xed, 0xcf, 0xe4, 0x93, 0x64, 0x30, 0x11, 0xd1,
    0x03, 0xe1, 0x47, 0x4c, 0x57, 0x24, 0xbb, 0x04, 0x71, 0x00, 0x00, 0x00, 0x00, 0x49, 0x45, 0x4e,
    0x44, 0xae, 0x42, 0x60, 0x82,
};

static const unsigned char flint_icon_manual[] = {
    0x89, 0x50, 0x4e, 0x47, 0x0d, 0x0a, 0x1a, 0x0a, 0x00, 0x00, 0x00, 0x0d, 0x49, 0x48, 0x44, 0x52,
    0x00, 0x00, 0x00, 0x20, 0x00, 0x00, 0x00, 0x20, 0x08, 0x06, 0x00, 0x00, 0x00, 0x73, 0x7a, 0x7a,
    0xf4, 0x00, 0x00, 0x00, 0x01, 0x73, 0x52, 0x47, 0x42, 0x00, 0xae, 0xce, 0x1c, 0xe9, 0x00, 0x00,
    0x01, 0x06, 0x49, 0x44, 0x41, 0x54, 0x58, 0x85, 0xd5, 0x57, 0x6d, 0x16, 0xc4, 0x10, 0x0c, 0xc4,
    0xdb, 0x1b, 0xa9, 0xfb, 0x1f, 0x00, 0x67, 0xb2, 0x7f, 0x36, 0x5e, 0x1a, 0x54, 0xe2, 0xa3, 0xde,
    0xce, 0xbf, 0xd2, 0x9a, 0x91, 0x4c, 0x43, 0x94, 0x3a, 0x0c, 0x8d, 0x1f, 0x52, 0x4a, 0x69, 0x3b,
    0xa1, 0xd6, 0x37, 0xce, 0xfc, 0x80, 0xc9, 0xdd, 0x65, 0x95, 0x0f, 0x51, 0xb9, 0xcb, 0x2e, 0x25,
    0xf7, 0x21, 0x16, 0x22, 0x0c, 0x26, 0x5f, 0x4d, 0x48, 0x01, 0xeb, 0xe3, 0xcd, 0x1a, 0x3a, 0x39,
    0x0a, 0x1f, 0x62, 0xde, 0x21, 0x47, 0x04, 0xe0, 0x33, 0x42, 0x44, 0x17, 0xc3, 0x63, 0x38, 0x75,
    0xb5, 0x77, 0x29, 0xc4, 0x02, 0x5a, 0x62, 0x38, 0xe3, 0x35, 0x98, 0xfe, 0x2b, 0x7b, 0x21, 0x8e,
    0x00, 0xfc, 0x21, 0x74, 0x0c, 0xa3, 0x37, 0x8f, 0x31, 0x1d, 0x81, 0xda, 0xe2, 0x12, 0x43, 0x8b,
    0x05, 0x70, 0x8c, 0x45, 0xe7, 0x9e, 0x3c, 0x21, 0x12, 0x20, 0x31, 0x17, 0xf7, 0xdb, 0xe3, 0x26,
    0x14, 0x09, 0x98, 0x29, 0x56, 0xad, 0x6f, 0xc5, 0x11, 0xe0, 0xe6, 0x96, 0xeb, 0x95, 0xe9, 0x14,
    0xd4, 0x44, 0x48, 0xbc, 0x32, 0x55, 0x8a, 0xb9, 0x84, 0x4f, 0x27, 0xeb, 0x7f, 0x99, 0x90, 0xc2,
    0x5d, 0xb6, 0x59, 0x88, 0xb8, 0x86, 0x1d, 0x2a, 0xc5, 0xb5, 0x31, 0x48, 0x03, 0x9e, 0xe7, 0x88,
    0x98, 0x3a, 0x0d, 0x7b, 0xc2, 0x38, 0xd8, 0x72, 0x1c, 0x03, 0xb6, 0x47, 0x60, 0xc5, 0x15, 0x6e,
    0xc9, 0x6f, 0xc8, 0xc1, 0xb2, 0x1b, 0xd1, 0xea, 0x8b, 0xeb, 0xf1, 0x3a, 0xa0, 0x95, 0x7a, 0xa7,
    0x21, 0x29, 0x88, 0x7f, 0xbd, 0xc1, 0x2d, 0x05, 0xbb, 0xfb, 0x02, 0x00, 0xf6, 0x51, 0xd5, 0x03,
    0x33, 0x17, 0x8f, 0x1e, 0xe8, 0x26, 0x8b, 0xd6, 0xec, 0x8d, 0x28, 0xf8, 0x10, 0x73, 0x0a, 0x5e,
    0x6f, 0x4e, 0x01, 0xb4, 0x49, 0x3d, 0x86, 0x2f, 0x5c, 0x4f, 0x78, 0x28, 0x2c, 0xa8, 0xa9, 0xf7,
    0x00, 0x00, 0x00, 0x00, 0x49, 0x45, 0x4e, 0x44, 0xae, 0x42, 0x60, 0x82,
};

static const unsigned char flint_icon_mars[] = {
    0x89, 0x50, 0x4e, 0x47, 0x0d, 0x0a, 0x1a, 0x0a, 0x00, 0x00, 0x00, 0x0d, 0x49, 0x48, 0x44, 0x52,
    0x00, 0x00, 0x00, 0x10, 0x00, 0x00, 0x00, 0x10, 0x08, 0x06, 0x00, 0x00, 0x00, 0x1f, 0xf3, 0xff,
    0x61, 0x00, 0x00, 0x00, 0x01, 0x73, 0x52, 0x47, 0x42, 0x00, 0xae, 0xce, 0x1c, 0xe9, 0x00, 0x00,
    0x00, 0x54, 0x49, 0x44, 0x41, 0x54, 0x38, 0x8d, 0xed, 0x92, 0x31, 0x0e, 0x00, 0x20, 0x08, 0x03,
    0xad, 0xff, 0xff, 0x73, 0x5d, 0x94, 0x18, 0x05, 0xb1, 0x71, 0xb5, 0x23, 0x94, 0xa3, 0x09, 0xa0,
    0x08, 0x22, 0xc9, 0xb5, 0x06, 0x05, 0xe0, 0x41, 0x24, 0x40, 0x9a, 0xc0, 0x33, 0x64, 0x32, 0xc0,
    0x18, 0x06, 0xe0, 0xa6, 0xda, 0xa2, 0x03, 0xb0, 0x1a, 0xbb, 0xb2, 0x6d, 0xa1, 0x4f, 0x89, 0xbe,
    0x7a, 0xeb, 0xed, 0x60, 0xa4, 0x0f, 0x98, 0x00, 0xb7, 0x67, 0x3c, 0x36, 0x4f, 0x86, 0xa8, 0x2f,
    0xbd, 0x72, 0xf4, 0xa5, 0x4f, 0x6a, 0x97, 0xbc, 0x4f, 0xcf, 0x91, 0x4a, 0xa2, 0xc1, 0x00, 0x00,
    0x00, 0x00, 0x49, 0x45, 0x4e, 0x44, 0xae, 0x42, 0x60, 0x82,
};

static const unsigned char flint_icon_mercury[] = {
    0x89, 0x50, 0x4e, 0x47, 0x0d, 0x0a, 0x1a, 0x0a, 0x00, 0x00, 0x00, 0x0d, 0x49, 0x48, 0x44, 0x52,
    0x00, 0x00, 0x00, 0x10, 0x00, 0x00, 0x00, 0x10, 0x08, 0x06, 0x00, 0x00, 0x00, 0x1f, 0xf3, 0xff,
    0x61, 0x00, 0x00, 0x00, 0x01, 0x73, 0x52, 0x47, 0x42, 0x00, 0xae, 0xce, 0x1c, 0xe9, 0x00, 0x00,
    0x00, 0x59, 0x49, 0x44, 0x41, 0x54, 0x38, 0x8d, 0xbd, 0x91, 0x4b, 0x12, 0x00, 0x10, 0x0c, 0x43,
    0x5f, 0xdd, 0xff, 0xce, 0xb1, 0xb1, 0xa2, 0xd3, 0x0f, 0x33, 0xde, 0x92, 0x36, 0x24, 0x81, 0x85,
    0x24, 0x51, 0x60, 0x9f, 0x1b, 0xd1, 0x65, 0xb6, 0x0c, 0x60, 0x1d, 0x01, 0x00, 0x33, 0xb3, 0x70,
    0x40, 0x8b, 0xec, 0xac, 0xbc, 0xdc, 0x12, 0xb9, 0xc9, 0x60, 0x78, 0x83, 0x1d, 0x0e, 0x81, 0xc8,
    0x42, 0x49, 0xb1, 0x1b, 0xa2, 0x5b, 0x89, 0xdb, 0x77, 0x56, 0x5f, 0x55, 0x68, 0xe7, 0x39, 0xc4,
    0xe3, 0x5b, 0xd1, 0xab, 0x6d, 0x1b, 0x5f, 0x2c, 0x3c, 0x33, 0x01, 0x16, 0xd7, 0x63, 0xb6, 0x31,
    0x00, 0xc4, 0xa0, 0x00, 0x00, 0x00, 0x00, 0x49, 0x45, 0x4e, 0x44, 0xae, 0x42, 0x60, 0x82,
};

static const unsigned char flint_icon_monero[] = {
    0x89, 0x50, 0x4e, 0x47, 0x0d, 0x0a, 0x1a, 0x0a, 0x00, 0x00, 0x00, 0x0d, 0x49, 0x48, 0x44, 0x52,
    0x00, 0x00, 0x00, 0x10, 0x00, 0x00, 0x00, 0x10, 0x08, 0x06, 0x00, 0x00, 0x00, 0x1f, 0xf3, 0xff,
    0x61, 0x00, 0x00, 0x00, 0x01, 0x73, 0x52, 0x47, 0x42, 0x00, 0xae, 0xce, 0x1c, 0xe9, 0x00, 0x00,
    0x00, 0x67, 0x49, 0x44, 0x41, 0x54, 0x38, 0x8d, 0x63, 0xbc, 0x5f, 0xa0, 0xf6, 0x9f, 0x81, 0x02,
    0xc0, 0x44, 0x89, 0x66, 0xea, 0x1a, 0xa0, 0xd0, 0x7f, 0x93, 0x41, 0xa1, 0xff, 0x26, 0x41, 0x0d,
    0xe8, 0xea, 0x30, 0x5c, 0x80, 0xcf, 0x10, 0x6c, 0x72, 0x28, 0x06, 0x44, 0x85, 0x07, 0xe3, 0x54,
    0x08, 0x13, 0x83, 0xa9, 0xc1, 0xe9, 0x02, 0x6c, 0x86, 0xe0, 0xd2, 0x8c, 0xd5, 0x00, 0x74, 0x43,
    0xf0, 0x69, 0xc6, 0x69, 0x00, 0xba, 0x06, 0x5c, 0x9a, 0x19, 0x18, 0x18, 0x18, 0x58, 0x70, 0xca,
    0x10, 0xd0, 0x48, 0xd0, 0x05, 0xc4, 0x02, 0x16, 0x62, 0xe2, 0x1e, 0x1b, 0x80, 0xe9, 0x63, 0x8c,
    0x0c, 0x0b, 0x1a, 0x2e, 0x79, 0x81, 0x5c, 0x00, 0x00, 0x98, 0xef, 0x23, 0x2b, 0xea, 0x46, 0x2d,
    0x82, 0x00, 0x00, 0x00, 0x00, 0x49, 0x45, 0x4e, 0x44, 0xae, 0x42, 0x60, 0x82,
};

static const unsigned char flint_icon_moon[] = {
    0x89, 0x50, 0x4e, 0x47, 0x0d, 0x0a, 0x1a, 0x0a, 0x00, 0x00, 0x00, 0x0d, 0x49, 0x48, 0x44, 0x52,
    0x00, 0x00, 0x00, 0x20, 0x00, 0x00, 0x00, 0x20, 0x08, 0x06, 0x00, 0x00, 0x00, 0x73, 0x7a, 0x7a,
    0xf4, 0x00, 0x00, 0x00, 0x01, 0x73, 0x52, 0x47, 0x42, 0x00, 0xae, 0xce, 0x1c, 0xe9, 0x00, 0x00,
    0x00, 0xc6, 0x49, 0x44, 0x41, 0x54, 0x58, 0x85, 0xdd, 0x57, 0xd1, 0x12, 0x80, 0x20, 0x08, 0x1b,
    0x5d, 0xff, 0xff, 0xcb, 0xf6, 0x64, 0x57, 0x0a, 0x44, 0xe6, 0xb4, 0xda, 0x23, 0xde, 0xb9, 0x31,
    0x51, 0x41, 0xd0, 0x80, 0x94, 0x52, 0xd2, 0xe2, 0x22, 0x22, 0x2d, 0xfb, 0xdd, 0x22, 0xce, 0x88,
    0x08, 0x8a, 0x60, 0xbd, 0x43, 0x0e, 0xd4, 0x59, 0x3e, 0x21, 0x07, 0x80, 0x4b, 0xcb, 0x8e, 0x04,
    0x47, 0x72, 0x2b, 0xde, 0x15, 0x9a, 0xdd, 0x5e, 0xfc, 0xff, 0xe4, 0x79, 0xad, 0x27, 0xd7, 0x62,
    0x2d, 0xd0, 0xaf, 0x94, 0x25, 0xc0, 0xcb, 0x70, 0xaa, 0xf5, 0x2c, 0x01, 0x95, 0x03, 0x96, 0xf5,
    0xac, 0xec, 0x77, 0x01, 0x11, 0x02, 0x46, 0x5d, 0x9c, 0x1c, 0x18, 0x55, 0x78, 0x95, 0x00, 0x7a,
    0x71, 0x5d, 0x09, 0x00, 0xe6, 0x64, 0x7f, 0x12, 0xe0, 0x81, 0xe9, 0x50, 0x48, 0x00, 0xc0, 0x73,
    0x28, 0x2c, 0x80, 0x85, 0xef, 0x08, 0xa0, 0x3f, 0x44, 0x1e, 0x98, 0x37, 0xe4, 0x3d, 0x47, 0x10,
    0xb1, 0x98, 0xfa, 0x60, 0x45, 0x3a, 0x1d, 0x7a, 0x37, 0x14, 0x15, 0xd1, 0x93, 0x53, 0xfd, 0x8c,
    0x46, 0xfe, 0x0d, 0x66, 0x3f, 0x30, 0xb5, 0x33, 0xca, 0x24, 0x5e, 0x63, 0xda, 0x4b, 0x84, 0x7b,
    0xbf, 0xbd, 0xe1, 0xc3, 0x9a, 0x94, 0x28, 0x98, 0x3a, 0x23, 0x94, 0x64, 0x25, 0x21, 0x7d, 0x36,
    0xd4, 0x84, 0xa8, 0x1b, 0x35, 0x1e, 0xc5, 0x06, 0x88, 0xb3, 0xe3, 0x87, 0x73, 0x2f, 0x0a, 0x91,
    0x00, 0x00, 0x00, 0x00, 0x49, 0x45, 0x4e, 0x44, 0xae, 0x42, 0x60, 0x82,
};

static const unsigned char flint_icon_mute[] = {
    0x89, 0x50, 0x4e, 0x47, 0x0d, 0x0a, 0x1a, 0x0a, 0x00, 0x00, 0x00, 0x0d, 0x49, 0x48, 0x44, 0x52,
    0x00, 0x00, 0x00, 0x10, 0x00, 0x00, 0x00, 0x10, 0x08, 0x06, 0x00, 0x00, 0x00, 0x1f, 0xf3, 0xff,
    0x61, 0x00, 0x00, 0x00, 0x01, 0x73, 0x52, 0x47, 0x42, 0x00, 0xae, 0xce, 0x1c, 0xe9, 0x00, 0x00,
    0x00, 0x7f, 0x49, 0x44, 0x41, 0x54, 0x38, 0x8d, 0xcd, 0x93, 0x41, 0x0e, 0x80, 0x20, 0x0c, 0x04,
    0x17, 0xc3, 0xd3, 0xf0, 0x0d, 0xf5, 0x58, 0x5f, 0x26, 0x47, 0x79, 0x83, 0xfc, 0xad, 0x5e, 0x24,
    0x21, 0x40, 0x43, 0x8d, 0x17, 0xe7, 0x44, 0x02, 0xbb, 0x85, 0x0d, 0xeb, 0x30, 0x81, 0x29, 0x48,
    0x59, 0xc7, 0x94, 0x5d, 0xbb, 0xbf, 0x58, 0xc4, 0xc7, 0x79, 0xa9, 0x67, 0x54, 0x03, 0x8b, 0x58,
    0x35, 0xb0, 0x8a, 0x01, 0xc0, 0xd7, 0x82, 0x1a, 0x8b, 0x18, 0x00, 0xfc, 0x68, 0xda, 0xbe, 0xad,
    0x26, 0x31, 0xf0, 0x3c, 0xc1, 0x3a, 0x4d, 0x35, 0xf8, 0xc2, 0x4f, 0x0c, 0xde, 0x84, 0xd6, 0xe2,
    0x63, 0xca, 0x8e, 0x29, 0xc8, 0x17, 0x93, 0x0e, 0xa6, 0x20, 0x4c, 0x41, 0x6a, 0x46, 0x7f, 0x05,
    0x50, 0x32, 0x28, 0xa5, 0xb1, 0xdc, 0x4a, 0x0d, 0xd1, 0x6a, 0xd2, 0xd5, 0xb3, 0x65, 0x56, 0xe7,
    0x1b, 0xcd, 0x97, 0x3c, 0xf5, 0x0b, 0x82, 0xe4, 0xf5, 0x00, 0x00, 0x00, 0x00, 0x49, 0x45, 0x4e,
    0x44, 0xae, 0x42, 0x60, 0x82,
};

static const unsigned char flint_icon_pause[] = {
    0x89, 0x50, 0x4e, 0x47, 0x0d, 0x0a, 0x1a, 0x0a, 0x00, 0x00, 0x00, 0x0d, 0x49, 0x48, 0x44, 0x52,
    0x00, 0x00, 0x00, 0x10, 0x00, 0x00, 0x00, 0x10, 0x08, 0x06, 0x00, 0x00, 0x00, 0x1f, 0xf3, 0xff,
    0x61, 0x00, 0x00, 0x00, 0x01, 0x73, 0x52, 0x47, 0x42, 0x00, 0xae, 0xce, 0x1c, 0xe9, 0x00, 0x00,
    0x00, 0x28, 0x49, 0x44, 0x41, 0x54, 0x38, 0x8d, 0x63, 0x64, 0x40, 0x03, 0xff, 0xff, 0xff, 0xff,
    0x0f, 0x63, 0x33, 0x32, 0x32, 0x32, 0xe2, 0x12, 0x83, 0x01, 0x26, 0x74, 0x03, 0x48, 0x05, 0xa3,
    0x06, 0x8c, 0x1a, 0x30, 0x6a, 0xc0, 0x60, 0x31, 0x00, 0x00, 0xe2, 0x81, 0x08, 0x20, 0xe6, 0x45,
    0x22, 0xfe, 0x00, 0x00, 0x00, 0x00, 0x49, 0x45, 0x4e, 0x44, 0xae, 0x42, 0x60, 0x82,
};

static const unsigned char flint_icon_pencil[] = {
    0x89, 0x50, 0x4e, 0x47, 0x0d, 0x0a, 0x1a, 0x0a, 0x00, 0x00, 0x00, 0x0d, 0x49, 0x48, 0x44, 0x52,
    0x00, 0x00, 0x00, 0x10, 0x00, 0x00, 0x00, 0x10, 0x08, 0x06, 0x00, 0x00, 0x00, 0x1f, 0xf3, 0xff,
    0x61, 0x00, 0x00, 0x00, 0x01, 0x73, 0x52, 0x47, 0x42, 0x00, 0xae, 0xce, 0x1c, 0xe9, 0x00, 0x00,
    0x00, 0x66, 0x49, 0x44, 0x41, 0x54, 0x38, 0x8d, 0xb5, 0x52, 0x5b, 0x0e, 0xc0, 0x20, 0x08, 0x13,
    0xef, 0x7f, 0xe7, 0xed, 0x47, 0x13, 0x84, 0xae, 0x6d, 0x4c, 0xc6, 0xa7, 0xf4, 0x41, 0x91, 0x31,
    0x8c, 0x7a, 0x56, 0xa1, 0x5e, 0x38, 0xe4, 0x83, 0x10, 0x21, 0x39, 0x9f, 0xce, 0x68, 0x92, 0xe9,
    0x3a, 0x67, 0xf7, 0xdc, 0x83, 0x02, 0x1b, 0x80, 0x08, 0xf5, 0xad, 0x09, 0x54, 0x32, 0x12, 0x39,
    0xa6, 0x62, 0x64, 0x16, 0xa9, 0x61, 0xd8, 0x57, 0x59, 0x98, 0x5b, 0xf2, 0xac, 0x20, 0x26, 0x8e,
    0xa2, 0xc1, 0x05, 0x65, 0x20, 0x23, 0x43, 0xe7, 0x3c, 0xaa, 0xb3, 0x17, 0x79, 0x48, 0xea, 0x74,
    0x65, 0x84, 0xdf, 0x2b, 0x54, 0x46, 0x55, 0x2f, 0xf8, 0xdc, 0x8b, 0xb8, 0x5d, 0x5e, 0xd7, 0x7f,
    0x00, 0x00, 0x00, 0x00, 0x49, 0x45, 0x4e, 0x44, 0xae, 0x42, 0x60, 0x82,
};

static const unsigned char flint_icon_play[] = {
    0x89, 0x50, 0x4e, 0x47, 0x0d, 0x0a, 0x1a, 0x0a, 0x00, 0x00, 0x00, 0x0d, 0x49, 0x48, 0x44, 0x52,
    0x00, 0x00, 0x00, 0x10, 0x00, 0x00, 0x00, 0x10, 0x08, 0x06, 0x00, 0x00, 0x00, 0x1f, 0xf3, 0xff,
    0x61, 0x00, 0x00, 0x00, 0x01, 0x73, 0x52, 0x47, 0x42, 0x00, 0xae, 0xce, 0x1c, 0xe9, 0x00, 0x00,
    0x00, 0x51, 0x49, 0x44, 0x41, 0x54, 0x38, 0x8d, 0xa5, 0xce, 0x31, 0x0e, 0x00, 0x20, 0x08, 0x43,
    0xd1, 0xd6, 0xfb, 0xdf, 0x59, 0x17, 0x27, 0x42, 0xa1, 0x68, 0x47, 0xcc, 0x7f, 0x11, 0x08, 0xdb,
    0x77, 0xf1, 0xae, 0xb6, 0xd4, 0x83, 0x8b, 0x48, 0xc0, 0x45, 0x4a, 0xc0, 0x41, 0x5a, 0xa0, 0x43,
    0x2c, 0xa0, 0x42, 0x6c, 0x40, 0x21, 0x23, 0x20, 0x43, 0xc6, 0xc0, 0xf7, 0x0f, 0x48, 0xf2, 0x19,
    0x88, 0xf1, 0x08, 0xc8, 0x62, 0x1b, 0x50, 0xb1, 0x05, 0x54, 0x71, 0x0b, 0x74, 0x71, 0x09, 0x38,
    0x31, 0x00, 0x1c, 0xe4, 0xd4, 0x24, 0x17, 0x68, 0xff, 0x4f, 0x51, 0x00, 0x00, 0x00, 0x00, 0x49,
    0x45, 0x4e, 0x44, 0xae, 0x42, 0x60, 0x82,
};

static const unsigned char flint_icon_playstore[] = {
    0x89, 0x50, 0x4e, 0x47, 0x0d, 0x0a, 0x1a, 0x0a, 0x00, 0x00, 0x00, 0x0d, 0x49, 0x48, 0x44, 0x52,
    0x00, 0x00, 0x00, 0x10, 0x00, 0x00, 0x00, 0x10, 0x08, 0x06, 0x00, 0x00, 0x00, 0x1f, 0xf3, 0xff,
    0x61, 0x00, 0x00, 0x00, 0x01, 0x73, 0x52, 0x47, 0x42, 0x00, 0xae, 0xce, 0x1c, 0xe9, 0x00, 0x00,
    0x00, 0xc1, 0x49, 0x44, 0x41, 0x54, 0x38, 0x8d, 0x63, 0x4c, 0x9a, 0xf5, 0xff, 0xff, 0x1f, 0xe3,
    0xa7, 0x0c, 0x30, 0xb0, 0xc8, 0x58, 0x86, 0x91, 0x81, 0x04, 0xc0, 0xc4, 0xc0, 0xc0, 0xc0, 0xc0,
    0x72, 0x56, 0x1a, 0x2e, 0x10, 0x77, 0xf6, 0xc9, 0x7f, 0x92, 0x0d, 0xc0, 0x66, 0x08, 0xb1, 0x06,
    0x31, 0x26, 0xcd, 0xfa, 0x8f, 0xa2, 0x10, 0xd9, 0x3b, 0xc8, 0x00, 0x97, 0xd7, 0x98, 0xd0, 0x05,
    0x90, 0x5d, 0x82, 0x0c, 0x70, 0xb9, 0x08, 0xc3, 0x05, 0xb8, 0x5c, 0xd3, 0xb8, 0xd8, 0x09, 0xce,
    0x56, 0x9c, 0x70, 0x0b, 0xee, 0x1a, 0xbc, 0x06, 0x30, 0x30, 0x30, 0x30, 0x78, 0x4d, 0x37, 0x62,
    0x30, 0xb6, 0xff, 0x8a, 0x21, 0x0e, 0x33, 0x04, 0xc3, 0x0b, 0xe8, 0x9a, 0x19, 0x18, 0x18, 0x18,
    0xce, 0x1e, 0xe4, 0xc6, 0x90, 0xbb, 0x5f, 0xa0, 0xf6, 0x9f, 0xa0, 0x01, 0xc8, 0xe0, 0xec, 0x41,
    0x6e, 0x0c, 0x83, 0xee, 0x17, 0xa8, 0xfd, 0xc7, 0x69, 0x00, 0xcc, 0x76, 0x6c, 0x06, 0x21, 0x03,
    0x16, 0x62, 0x5d, 0x00, 0x03, 0x21, 0xe7, 0xcf, 0x33, 0x32, 0x9c, 0x27, 0x60, 0x00, 0x36, 0xdb,
    0x43, 0xce, 0x9f, 0xc7, 0x9a, 0x0e, 0x30, 0x0c, 0x40, 0xd7, 0x8c, 0x4b, 0x23, 0x0c, 0xa0, 0x84,
    0x01, 0xa9, 0x9a, 0x51, 0x5c, 0x80, 0xac, 0x99, 0x18, 0x8d, 0x28, 0x06, 0xc0, 0x34, 0x93, 0xa2,
    0x11, 0x06, 0x00, 0x97, 0xa1, 0x49, 0x75, 0xf4, 0xfb, 0x53, 0x44, 0x00, 0x00, 0x00, 0x00, 0x49,
    0x45, 0x4e, 0x44, 0xae, 0x42, 0x60, 0x82,
};

static const unsigned char flint_icon_plus[] = {
    0x89, 0x50, 0x4e, 0x47, 0x0d, 0x0a, 0x1a, 0x0a, 0x00, 0x00, 0x00, 0x0d, 0x49, 0x48, 0x44, 0x52,
    0x00, 0x00, 0x00, 0x10, 0x00, 0x00, 0x00, 0x10, 0x08, 0x06, 0x00, 0x00, 0x00, 0x1f, 0xf3, 0xff,
    0x61, 0x00, 0x00, 0x00, 0x01, 0x73, 0x52, 0x47, 0x42, 0x00, 0xae, 0xce, 0x1c, 0xe9, 0x00, 0x00,
    0x00, 0x2f, 0x49, 0x44, 0x41, 0x54, 0x38, 0x8d, 0x63, 0x60, 0xa0, 0x25, 0xf8, 0x0f, 0x05, 0xf8,
    0xd4, 0x30, 0x51, 0x6a, 0xc9, 0xa8, 0x01, 0x0c, 0x0c, 0x8c, 0x0c, 0x0c, 0x90, 0xd0, 0x26, 0x4b,
    0x33, 0x23, 0x23, 0x23, 0xc5, 0x2e, 0xc0, 0x0b, 0x46, 0xd3, 0x01, 0x9d, 0x0c, 0xa0, 0x18, 0x00,
    0x00, 0xbc, 0x7e, 0x14, 0x08, 0x2f, 0x9a, 0xba, 0x41, 0x00, 0x00, 0x00, 0x00, 0x49, 0x45, 0x4e,
    0x44, 0xae, 0x42, 0x60, 0x82,
};

static const unsigned char flint_icon_quest[] = {
    0x89, 0x50, 0x4e, 0x47, 0x0d, 0x0a, 0x1a, 0x0a, 0x00, 0x00, 0x00, 0x0d, 0x49, 0x48, 0x44, 0x52,
    0x00, 0x00, 0x00, 0x20, 0x00, 0x00, 0x00, 0x20, 0x08, 0x06, 0x00, 0x00, 0x00, 0x73, 0x7a, 0x7a,
    0xf4, 0x00, 0x00, 0x00, 0x01, 0x73, 0x52, 0x47, 0x42, 0x00, 0xae, 0xce, 0x1c, 0xe9, 0x00, 0x00,
    0x02, 0x84, 0x49, 0x44, 0x41, 0x54, 0x58, 0x85, 0x95, 0x56, 0xb1, 0x6a, 0x1b, 0x41, 0x10, 0x9d,
    0x3b, 0x0e, 0xb7, 0x67, 0x04, 0x6e, 0x83, 0x09, 0x42, 0x4a, 0xe3, 0x26, 0xc6, 0x90, 0x04, 0x57,
    0xaa, 0x4c, 0x7e, 0x20, 0xc6, 0x45, 0x70, 0x65, 0xdc, 0xc8, 0x5d, 0x52, 0xe4, 0x03, 0x5c, 0xd8,
    0x5d, 0x2e, 0x55, 0x2a, 0xa3, 0x42, 0x90, 0x1f, 0x08, 0xaa, 0x54, 0x3a, 0x95, 0x52, 0xdb, 0xc6,
    0x98, 0xa0, 0xd6, 0x60, 0xb4, 0xad, 0x09, 0x96, 0x0b, 0x65, 0x36, 0x6f, 0xe7, 0x66, 0x77, 0xee,
    0x1e, 0x1c, 0xbe, 0xdb, 0xdd, 0x99, 0xf7, 0x76, 0xf6, 0xcd, 0xca, 0xd9, 0x9b, 0xd1, 0x64, 0x49,
    0x09, 0x3c, 0xdc, 0x5e, 0x13, 0x11, 0x51, 0xa7, 0xdb, 0x37, 0xd7, 0x58, 0xeb, 0xb4, 0x7c, 0x85,
    0x4c, 0xd0, 0x24, 0x89, 0x04, 0xae, 0x97, 0xb9, 0xe4, 0xbc, 0xcc, 0x5d, 0x34, 0x25, 0xd4, 0x76,
    0x39, 0x9e, 0x0d, 0xe9, 0x60, 0xbb, 0x0a, 0xe6, 0x2d, 0x31, 0x32, 0x2e, 0xc7, 0x41, 0x0d, 0x9d,
    0x6e, 0xbf, 0xf6, 0xb4, 0x05, 0x0a, 0x61, 0x72, 0xe6, 0xcb, 0x91, 0x3c, 0x26, 0x42, 0x83, 0x15,
    0x33, 0x9e, 0x0d, 0x69, 0xe2, 0xbe, 0xd5, 0x04, 0x33, 0x79, 0x50, 0x01, 0xfe, 0xc0, 0x72, 0xa2,
    0xea, 0xd1, 0xbc, 0xa2, 0xd1, 0xbc, 0xaa, 0x25, 0xc2, 0xbf, 0x56, 0x75, 0x30, 0x27, 0xc7, 0x10,
    0xfd, 0xf3, 0x80, 0x1c, 0xe4, 0x84, 0x16, 0x64, 0x0c, 0x03, 0x77, 0x68, 0xe5, 0x2a, 0xf0, 0x23,
    0x66, 0x9a, 0x8f, 0x2f, 0x56, 0x65, 0x1e, 0xcd, 0x2b, 0xff, 0x1e, 0x6b, 0x3d, 0x49, 0x9e, 0xca,
    0x4b, 0x44, 0x94, 0xe1, 0x3d, 0xa0, 0x25, 0x95, 0xee, 0x46, 0x11, 0x31, 0xb4, 0xb9, 0x3b, 0x82,
    0x0a, 0x58, 0x01, 0x9d, 0x6e, 0x3f, 0x20, 0x47, 0x5f, 0x58, 0xa2, 0x34, 0xe1, 0x9d, 0x6e, 0xff,
    0x7f, 0x1b, 0x4a, 0xb0, 0xbb, 0xd1, 0x5c, 0xd2, 0x98, 0xda, 0x7a, 0x19, 0xc3, 0x06, 0x8e, 0x09,
    0x8c, 0xde, 0x84, 0xd8, 0xab, 0x07, 0xdb, 0x55, 0x50, 0x1d, 0x49, 0x8e, 0x22, 0x62, 0xc6, 0xd4,
    0xf0, 0x70, 0x7b, 0xdd, 0xfc, 0x26, 0xb4, 0xc8, 0xff, 0x6e, 0xf4, 0xa8, 0xb8, 0xbf, 0x09, 0x44,
    0x68, 0x3b, 0x97, 0xfe, 0xc8, 0xe5, 0xa4, 0xec, 0x57, 0xac, 0x44, 0x0a, 0xc5, 0xfd, 0x4d, 0x6d,
    0x2c, 0xe5, 0x8b, 0xc0, 0x84, 0x5a, 0x9b, 0xb0, 0xe9, 0x58, 0x48, 0x1b, 0xe2, 0x58, 0x4e, 0x04,
    0xe7, 0x56, 0xdb, 0x50, 0x1e, 0x89, 0x1c, 0x1f, 0xcf, 0x86, 0xbe, 0xe4, 0x12, 0x9a, 0xd8, 0x54,
    0x5b, 0x66, 0xd6, 0xff, 0x03, 0x29, 0x11, 0x4d, 0xc8, 0x25, 0x9e, 0xdc, 0x4f, 0xca, 0xcb, 0xf7,
    0xb6, 0x80, 0xcd, 0xf3, 0x13, 0xff, 0xfe, 0xe7, 0xd3, 0xd7, 0xe8, 0xfc, 0xe9, 0x60, 0x15, 0xfe,
    0x65, 0x9a, 0x25, 0xd7, 0x33, 0x39, 0xe3, 0xe5, 0xf7, 0x49, 0x28, 0x00, 0x09, 0xdb, 0x62, 0xed,
    0x62, 0x4a, 0x8f, 0x87, 0x03, 0x75, 0x8e, 0xc5, 0x20, 0x39, 0x8a, 0x28, 0x34, 0xe2, 0xf5, 0xb2,
    0x54, 0x93, 0x2d, 0x9c, 0x53, 0xc9, 0xb5, 0x78, 0x5e, 0xbb, 0x79, 0x7e, 0x42, 0x77, 0x47, 0x7b,
    0x51, 0xf1, 0xd9, 0xfe, 0x56, 0x6f, 0x29, 0x09, 0x91, 0x88, 0xe7, 0x24, 0x39, 0x12, 0xcb, 0xdd,
    0x63, 0x4c, 0x8a, 0x9c, 0x88, 0x28, 0x3b, 0xde, 0xdd, 0x59, 0x62, 0x72, 0x0e, 0xe0, 0x33, 0xd2,
    0x44, 0xa4, 0xc8, 0x71, 0x7d, 0x13, 0x14, 0xb1, 0x89, 0xbb, 0xa3, 0x3d, 0x2f, 0x02, 0x05, 0x5a,
    0xe4, 0xb8, 0x1e, 0x85, 0x68, 0xc7, 0x47, 0x24, 0x6e, 0x42, 0x59, 0xae, 0x54, 0xf9, 0xae, 0x2e,
    0xcf, 0xd4, 0xf3, 0x4f, 0x61, 0xbd, 0x2c, 0x6b, 0x4f, 0xed, 0x08, 0x2c, 0xac, 0x5d, 0x4c, 0xe9,
    0xea, 0xf2, 0xcc, 0x7f, 0xbf, 0x7a, 0xf7, 0x99, 0x88, 0xe2, 0xd5, 0xd0, 0x44, 0x20, 0xb2, 0xe3,
    0xdd, 0x9d, 0xe0, 0x1e, 0xb0, 0xc4, 0x68, 0x55, 0x61, 0x11, 0x96, 0x10, 0xec, 0x0e, 0xfe, 0x2e,
    0x16, 0xce, 0x05, 0xaa, 0x52, 0x2d, 0x68, 0x91, 0x5b, 0xa4, 0x72, 0x73, 0x0b, 0xe7, 0x56, 0x26,
    0x44, 0xd3, 0xb0, 0x20, 0x1e, 0x43, 0x33, 0x62, 0x67, 0x78, 0x18, 0x02, 0x38, 0xef, 0xef, 0x0f,
    0x6f, 0x89, 0x88, 0xe8, 0xf5, 0x8f, 0x5f, 0x81, 0x90, 0x5a, 0x17, 0x48, 0xf2, 0x18, 0x34, 0x03,
    0xb6, 0xf1, 0x01, 0x73, 0xe4, 0x38, 0x88, 0x68, 0x43, 0xfe, 0x78, 0x38, 0x50, 0x2f, 0x23, 0x26,
    0xe2, 0xdd, 0x13, 0x91, 0x7f, 0x67, 0x3e, 0x2f, 0x60, 0xe1, 0x9c, 0x7f, 0x24, 0x50, 0x4c, 0x93,
    0xd6, 0x8b, 0xdd, 0x9e, 0x28, 0x82, 0x8f, 0x3a, 0xdb, 0xdf, 0xea, 0x35, 0xfa, 0x39, 0x4e, 0x91,
    0xc7, 0xae, 0xe2, 0x26, 0x78, 0x06, 0x36, 0xc1, 0xae, 0xbe, 0x99, 0x4b, 0x50, 0x3f, 0x00, 0x00,
    0x00, 0x00, 0x49, 0x45, 0x4e, 0x44, 0xae, 0x42, 0x60, 0x82,
};

static const unsigned char flint_icon_ray[] = {
    0x89, 0x50, 0x4e, 0x47, 0x0d, 0x0a, 0x1a, 0x0a, 0x00, 0x00, 0x00, 0x0d, 0x49, 0x48, 0x44, 0x52,
    0x00, 0x00, 0x00, 0x10, 0x00, 0x00, 0x00, 0x10, 0x08, 0x06, 0x00, 0x00, 0x00, 0x1f, 0xf3, 0xff,
    0x61, 0x00, 0x00, 0x00, 0x01, 0x73, 0x52, 0x47, 0x42, 0x00, 0xae, 0xce, 0x1c, 0xe9, 0x00, 0x00,
    0x00, 0x52, 0x49, 0x44, 0x41, 0x54, 0x38, 0x8d, 0x63, 0x64, 0x60, 0x60, 0xf8, 0xcf, 0x40, 0x01,
    0x60, 0xa2, 0x44, 0x33, 0x03, 0x03, 0x03, 0x03, 0x0b, 0x8c, 0xf1, 0xfd, 0xf1, 0x4e, 0x92, 0x34,
    0x72, 0xca, 0xba, 0x53, 0xc7, 0x05, 0xa3, 0x06, 0x0c, 0x3f, 0x03, 0x38, 0x65, 0xdd, 0xe1, 0x09,
    0x04, 0xc6, 0x47, 0x67, 0x23, 0x8b, 0x61, 0x75, 0x01, 0x2c, 0x45, 0xa2, 0x6b, 0xf8, 0xfe, 0x78,
    0x27, 0x86, 0x66, 0xac, 0x06, 0x60, 0x33, 0x0c, 0x17, 0x9f, 0x81, 0x81, 0x81, 0x81, 0x91, 0x61,
    0xa0, 0x73, 0x23, 0x00, 0xa2, 0xfd, 0x12, 0xd3, 0x62, 0xe8, 0xa0, 0xa7, 0x00, 0x00, 0x00, 0x00,
    0x49, 0x45, 0x4e, 0x44, 0xae, 0x42, 0x60, 0x82,
};

static const unsigned char flint_icon_return[] = {
    0x89, 0x50, 0x4e, 0x47, 0x0d, 0x0a, 0x1a, 0x0a, 0x00, 0x00, 0x00, 0x0d, 0x49, 0x48, 0x44, 0x52,
    0x00, 0x00, 0x00, 0x10, 0x00, 0x00, 0x00, 0x10, 0x08, 0x06, 0x00, 0x00, 0x00, 0x1f, 0xf3, 0xff,
    0x61, 0x00, 0x00, 0x00, 0x01, 0x73, 0x52, 0x47, 0x42, 0x00, 0xae, 0xce, 0x1c, 0xe9, 0x00, 0x00,
    0x00, 0x5f, 0x49, 0x44, 0x41, 0x54, 0x38, 0x8d, 0xcd, 0x91, 0xc1, 0x0e, 0xc0, 0x20, 0x08, 0x43,
    0x5b, 0xb3, 0xff, 0xff, 0x65, 0x76, 0x30, 0x2c, 0x64, 0x29, 0x3a, 0xf0, 0xb2, 0x77, 0x32, 0xd1,
    0x96, 0x16, 0x81, 0x43, 0x98, 0x5d, 0x98, 0x99, 0xa5, 0x22, 0xf2, 0xd1, 0x8d, 0xce, 0xd4, 0x68,
    0xde, 0x32, 0x88, 0x26, 0x69, 0x85, 0xdd, 0x64, 0x60, 0x56, 0x29, 0x25, 0x88, 0xdd, 0x9d, 0x76,
    0x05, 0xe7, 0xf2, 0x43, 0x8c, 0xa7, 0x26, 0x65, 0x8c, 0xb7, 0x78, 0x85, 0x7a, 0xc7, 0xaf, 0x62,
    0x45, 0x79, 0x89, 0x8a, 0xb6, 0x81, 0xef, 0x89, 0x80, 0xfe, 0xdf, 0x52, 0x82, 0x8a, 0xe0, 0x7f,
    0xdc, 0x83, 0xe9, 0x24, 0x15, 0xe0, 0xa1, 0x3f, 0x5d, 0x00, 0x00, 0x00, 0x00, 0x49, 0x45, 0x4e,
    0x44, 0xae, 0x42, 0x60, 0x82,
};

static const unsigned char flint_icon_rocket[] = {
    0x89, 0x50, 0x4e, 0x47, 0x0d, 0x0a, 0x1a, 0x0a, 0x00, 0x00, 0x00, 0x0d, 0x49, 0x48, 0x44, 0x52,
    0x00, 0x00, 0x00, 0x20, 0x00, 0x00, 0x00, 0x20, 0x08, 0x06, 0x00, 0x00, 0x00, 0x73, 0x7a, 0x7a,
    0xf4, 0x00, 0x00, 0x00, 0x01, 0x73, 0x52, 0x47, 0x42, 0x00, 0xae, 0xce, 0x1c, 0xe9, 0x00, 0x00,
    0x01, 0x09, 0x49, 0x44, 0x41, 0x54, 0x58, 0x85, 0xed, 0x56, 0x3b, 0x12, 0x82, 0x30, 0x10, 0x7d,
    0x38, 0x9e, 0x04, 0x1b, 0x52, 0x92, 0xab, 0x40, 0xc5, 0xd9, 0xac, 0x53, 0x49, 0xa3, 0xf7, 0x48,
    0x4a, 0x68, 0xe4, 0x2a, 0xda, 0x18, 0xcc, 0x20, 0xe2, 0xee, 0x06, 0x1c, 0x9d, 0xc9, 0xab, 0x60,
    0x67, 0x3f, 0x2f, 0xd9, 0x5f, 0x80, 0x84, 0x7f, 0xc6, 0xa9, 0x2c, 0x6f, 0xb1, 0x3e, 0xb2, 0x35,
    0x82, 0xd7, 0xce, 0x89, 0xfd, 0x88, 0x0c, 0xe7, 0x4e, 0x2e, 0x25, 0xc1, 0x36, 0x5a, 0xba, 0x76,
    0x09, 0x09, 0x96, 0x01, 0x25, 0xe7, 0x5c, 0x12, 0x64, 0x65, 0x4e, 0xc1, 0x71, 0x48, 0xec, 0xa8,
    0x8a, 0xa5, 0x31, 0xa8, 0xac, 0x5d, 0xd4, 0xa9, 0xac, 0x45, 0x69, 0x0c, 0xd5, 0x25, 0x00, 0x60,
    0xcf, 0xd2, 0x7e, 0x04, 0x59, 0x13, 0x6c, 0x02, 0x1e, 0xad, 0xd6, 0xe3, 0x77, 0x65, 0x2d, 0x86,
    0xbe, 0x47, 0x5e, 0x14, 0xdf, 0x21, 0xd0, 0x6a, 0x8d, 0xf3, 0xf1, 0xf2, 0x14, 0x68, 0xcd, 0xbe,
    0x7a, 0x0f, 0x72, 0x0d, 0x6c, 0x85, 0xd5, 0x08, 0x48, 0xae, 0x1f, 0x10, 0xa6, 0xa0, 0xb2, 0x16,
    0x98, 0xd4, 0x00, 0x00, 0x0c, 0x7d, 0xff, 0x1d, 0x02, 0x61, 0x50, 0x0f, 0x49, 0x70, 0xe0, 0x07,
    0x52, 0x20, 0x22, 0x20, 0x3d, 0x6d, 0x34, 0x01, 0x1f, 0xd8, 0x9f, 0x36, 0x9c, 0x05, 0x52, 0x7c,
    0x9c, 0xd9, 0xe1, 0x0e, 0xf0, 0xbd, 0x9e, 0x17, 0xc5, 0xcb, 0x20, 0xf2, 0x04, 0x5d, 0xd3, 0x8c,
    0x72, 0xca, 0x4e, 0xd8, 0x74, 0x0e, 0x50, 0x16, 0xd8, 0x62, 0x17, 0xbc, 0x73, 0x30, 0xad, 0x81,
    0x98, 0x9a, 0x20, 0xb7, 0x61, 0xed, 0x5c, 0x06, 0xa5, 0x00, 0x00, 0xd7, 0xae, 0x9b, 0x25, 0x76,
    0x50, 0x2a, 0x03, 0x78, 0xab, 0x9b, 0x94, 0x82, 0x69, 0x2e, 0x7d, 0xa0, 0xf0, 0x3f, 0x94, 0xc5,
    0xbc, 0x11, 0x59, 0x58, 0xe3, 0x55, 0x9c, 0x90, 0x90, 0x70, 0x07, 0x8a, 0xd9, 0x62, 0xa7, 0xa5,
    0x16, 0x93, 0x8c, 0x00, 0x00, 0x00, 0x00, 0x49, 0x45, 0x4e, 0x44, 0xae, 0x42, 0x60, 0x82,
};

static const unsigned char flint_icon_routine[] = {
    0x89, 0x50, 0x4e, 0x47, 0x0d, 0x0a, 0x1a, 0x0a, 0x00, 0x00, 0x00, 0x0d, 0x49, 0x48, 0x44, 0x52,
    0x00, 0x00, 0x00, 0x10, 0x00, 0x00, 0x00, 0x10, 0x08, 0x06, 0x00, 0x00, 0x00, 0x1f, 0xf3, 0xff,
    0x61, 0x00, 0x00, 0x00, 0x01, 0x73, 0x52, 0x47, 0x42, 0x00, 0xae, 0xce, 0x1c, 0xe9, 0x00, 0x00,
    0x00, 0x5a, 0x49, 0x44, 0x41, 0x54, 0x38, 0x8d, 0xd5, 0x92, 0x41, 0x0e, 0x80, 0x30, 0x08, 0x04,
    0x07, 0xe2, 0xff, 0xbf, 0x8c, 0x17, 0x21, 0x35, 0xc6, 0xda, 0x2d, 0x27, 0xf7, 0xd4, 0xa4, 0xcc,
    0x76, 0x81, 0xc2, 0xef, 0x65, 0x79, 0x88, 0x88, 0x90, 0x40, 0xb3, 0x62, 0x89, 0x4b, 0xab, 0xf0,
    0xad, 0x5e, 0x85, 0x47, 0x13, 0x00, 0x7f, 0xc4, 0x11, 0x60, 0x80, 0x43, 0x05, 0x52, 0xf5, 0xe8,
    0x4e, 0xfc, 0x51, 0xde, 0x81, 0x97, 0x0d, 0x66, 0x29, 0x3d, 0x0b, 0xbe, 0x5a, 0x79, 0xbb, 0x97,
    0x3f, 0x92, 0xba, 0xb1, 0x32, 0x6f, 0x0d, 0xbb, 0xbb, 0xa9, 0xa9, 0x4e, 0xd0, 0x18, 0x4b, 0xd3,
    0x69, 0xbc, 0x9b, 0x19, 0x00, 0x00, 0x00, 0x00, 0x49, 0x45, 0x4e, 0x44, 0xae, 0x42, 0x60, 0x82,
};

static const unsigned char flint_icon_saturn[] = {
    0x89, 0x50, 0x4e, 0x47, 0x0d, 0x0a, 0x1a, 0x0a, 0x00, 0x00, 0x00, 0x0d, 0x49, 0x48, 0x44, 0x52,
    0x00, 0x00, 0x00, 0x10, 0x00, 0x00, 0x00, 0x10, 0x08, 0x06, 0x00, 0x00, 0x00, 0x1f, 0xf3, 0xff,
    0x61, 0x00, 0x00, 0x00, 0x01, 0x73, 0x52, 0x47, 0x42, 0x00, 0xae, 0xce, 0x1c, 0xe9, 0x00, 0x00,
    0x00, 0x54, 0x49, 0x44, 0x41, 0x54, 0x38, 0x8d, 0xbd, 0x50, 0xcb, 0x0a, 0x00, 0x20, 0x08, 0x6b,
    0xd1, 0xff, 0xff, 0xf2, 0xba, 0x14, 0x88, 0x89, 0x29, 0x52, 0x3b, 0xae, 0xdc, 0xab, 0x35, 0x05,
    0x92, 0xd4, 0x9c, 0x87, 0x9e, 0xf9, 0x6c, 0x01, 0x37, 0x57, 0x00, 0x48, 0x29, 0x7e, 0xaf, 0x30,
    0x32, 0x49, 0xac, 0x3a, 0x07, 0x21, 0x0f, 0xe5, 0xc1, 0xe6, 0xaf, 0x9b, 0x78, 0x1b, 0x64, 0xf7,
    0x09, 0x09, 0x94, 0x47, 0x0c, 0x0b, 0x3c, 0x89, 0x1f, 0x4e, 0x50, 0x72, 0xe7, 0x42, 0x49, 0xc0,
    0x7b, 0x77, 0x2b, 0x44, 0x9c, 0x27, 0xf8, 0x25, 0x3f, 0xe3, 0x9e, 0xae, 0xb8, 0xa7, 0x00, 0x00,
    0x00, 0x00, 0x49, 0x45, 0x4e, 0x44, 0xae, 0x42, 0x60, 0x82,
};

static const unsigned char flint_icon_save[] = {
    0x89, 0x50, 0x4e, 0x47, 0x0d, 0x0a, 0x1a, 0x0a, 0x00, 0x00, 0x00, 0x0d, 0x49, 0x48, 0x44, 0x52,
    0x00, 0x00, 0x00, 0x10, 0x00, 0x00, 0x00, 0x10, 0x08, 0x06, 0x00, 0x00, 0x00, 0x1f, 0xf3, 0xff,
    0x61, 0x00, 0x00, 0x00, 0x01, 0x73, 0x52, 0x47, 0x42, 0x00, 0xae, 0xce, 0x1c, 0xe9, 0x00, 0x00,
    0x00, 0x3d, 0x49, 0x44, 0x41, 0x54, 0x38, 0x8d, 0x63, 0x60, 0x18, 0x05, 0x03, 0x0b, 0xfe, 0xff,
    0xff, 0xff, 0x9f, 0x91, 0x12, 0xcd, 0x14, 0xd9, 0x4c, 0xb6, 0x01, 0xd4, 0xd7, 0x4c, 0xac, 0x89,
    0x78, 0xd5, 0x11, 0x32, 0x84, 0x28, 0x4b, 0x70, 0x29, 0x22, 0xc9, 0xcf, 0xe8, 0x8a, 0x89, 0xd1,
    0x8c, 0x91, 0x0e, 0xd0, 0x35, 0x30, 0x32, 0x32, 0x92, 0x9e, 0x56, 0x48, 0x71, 0x36, 0x00, 0xd1,
    0x10, 0x6b, 0x9b, 0xc3, 0x09, 0x3e, 0x75, 0x00, 0x00, 0x00, 0x00, 0x49, 0x45, 0x4e, 0x44, 0xae,
    0x42, 0x60, 0x82,
};

static const unsigned char flint_icon_sound[] = {
    0x89, 0x50, 0x4e, 0x47, 0x0d, 0x0a, 0x1a, 0x0a, 0x00, 0x00, 0x00, 0x0d, 0x49, 0x48, 0x44, 0x52,
    0x00, 0x00, 0x00, 0x10, 0x00, 0x00, 0x00, 0x10, 0x08, 0x06, 0x00, 0x00, 0x00, 0x1f, 0xf3, 0xff,
    0x61, 0x00, 0x00, 0x00, 0x01, 0x73, 0x52, 0x47, 0x42, 0x00, 0xae, 0xce, 0x1c, 0xe9, 0x00, 0x00,
    0x00, 0x9a, 0x49, 0x44, 0x41, 0x54, 0x38, 0x8d, 0xcd, 0x93, 0x41, 0x0e, 0x03, 0x21, 0x0c, 0x03,
    0xed, 0x15, 0x4f, 0xa3, 0x6f, 0x60, 0x8f, 0xf4, 0x65, 0xdd, 0x63, 0xf7, 0x0d, 0xdd, 0xbf, 0xb9,
    0x97, 0xa6, 0x8a, 0x28, 0x04, 0x8e, 0xf5, 0x09, 0x09, 0x79, 0x12, 0xe2, 0x40, 0x4c, 0x54, 0x4b,
    0x96, 0x9d, 0x8f, 0xf3, 0x22, 0x00, 0x48, 0x12, 0x49, 0x02, 0xc0, 0xb6, 0x62, 0x7e, 0x3c, 0x5f,
    0x3f, 0x77, 0x92, 0x14, 0x02, 0x22, 0xb3, 0x55, 0x97, 0xa4, 0x2e, 0x20, 0x32, 0xb7, 0x90, 0xe4,
    0x0d, 0x5e, 0x23, 0xb3, 0x7f, 0x3f, 0x00, 0xa4, 0x5e, 0xb5, 0xfb, 0x7e, 0x1b, 0x56, 0x6e, 0x21,
    0xdb, 0xac, 0xd5, 0x51, 0xeb, 0xa6, 0x30, 0x85, 0x15, 0xfd, 0x09, 0x60, 0x36, 0xb4, 0x48, 0xe9,
    0x38, 0x2f, 0xd6, 0x92, 0xb5, 0x0a, 0xb1, 0x0d, 0x0c, 0x55, 0x4b, 0x56, 0x2d, 0x59, 0x5e, 0x16,
    0xb7, 0x07, 0x7c, 0x37, 0xb1, 0xa5, 0xda, 0xa7, 0xe9, 0x75, 0xe5, 0xd7, 0x18, 0xf8, 0xcc, 0xa0,
    0xcd, 0x76, 0x06, 0x31, 0x33, 0x49, 0x86, 0x29, 0xac, 0x74, 0xf2, 0x06, 0x64, 0x3e, 0x67, 0xf6,
    0x9b, 0xec, 0xbd, 0x92, 0x00, 0x00, 0x00, 0x00, 0x49, 0x45, 0x4e, 0x44, 0xae, 0x42, 0x60, 0x82,
};

static const unsigned char flint_icon_sound0[] = {
    0x89, 0x50, 0x4e, 0x47, 0x0d, 0x0a, 0x1a, 0x0a, 0x00, 0x00, 0x00, 0x0d, 0x49, 0x48, 0x44, 0x52,
    0x00, 0x00, 0x00, 0x18, 0x00, 0x00, 0x00, 0x18, 0x08, 0x06, 0x00, 0x00, 0x00, 0xe0, 0x77, 0x3d,
    0xf8, 0x00, 0x00, 0x00, 0x01, 0x73, 0x52, 0x47, 0x42, 0x00, 0xae, 0xce, 0x1c, 0xe9, 0x00, 0x00,
    0x01, 0x11, 0x49, 0x44, 0x41, 0x54, 0x48, 0x89, 0xb5, 0x55, 0x41, 0x12, 0xc3, 0x20, 0x08, 0x44,
    0xdf, 0xd6, 0xbc, 0xa1, 0x39, 0x36, 0x2f, 0x8b, 0xc7, 0xf8, 0x86, 0xe4, 0x6f, 0xed, 0x89, 0xce,
    0x66, 0x05, 0xd4, 0xce, 0x94, 0x99, 0xcc, 0x68, 0x80, 0x5d, 0x40, 0x44, 0x91, 0x3f, 0x4b, 0xd2,
    0xc5, 0xeb, 0xf9, 0x78, 0xa3, 0xa2, 0xd4, 0x2b, 0xb5, 0xe6, 0x7d, 0x41, 0x9c, 0x52, 0xaf, 0x94,
    0x51, 0xb9, 0x1f, 0xa7, 0xec, 0xc7, 0x69, 0x12, 0x32, 0x88, 0x7e, 0x16, 0xb8, 0x62, 0x88, 0x88,
    0xdc, 0x08, 0xb6, 0x75, 0x11, 0x34, 0x60, 0x10, 0xdc, 0x23, 0x88, 0x07, 0x2e, 0x02, 0x25, 0xe2,
    0xa8, 0xd5, 0x50, 0x49, 0xf9, 0xbf, 0xea, 0x4a, 0xbd, 0x12, 0x83, 0xab, 0x4f, 0x53, 0xa2, 0x52,
    0xaf, 0xa4, 0xb5, 0xe7, 0x6c, 0xac, 0xe8, 0xa2, 0xc8, 0x15, 0x27, 0x37, 0x1e, 0x20, 0x4c, 0xc2,
    0xd9, 0x30, 0xf1, 0xb6, 0x2e, 0xdf, 0xac, 0x54, 0x97, 0x30, 0x0a, 0x76, 0xb2, 0x08, 0x98, 0xcc,
    0x2a, 0x0b, 0xe2, 0x64, 0x4c, 0x11, 0xbb, 0xc8, 0x8b, 0x1c, 0xd7, 0x5e, 0x59, 0x6e, 0x04, 0x96,
    0x21, 0x67, 0x12, 0x11, 0x5a, 0xfb, 0x86, 0x60, 0x44, 0xb8, 0x24, 0xbd, 0xd2, 0x4c, 0x11, 0x78,
    0x75, 0x57, 0x89, 0x6e, 0xfd, 0x70, 0x06, 0x2a, 0xd6, 0x79, 0x44, 0xb7, 0x7e, 0x9a, 0x80, 0x3b,
    0x2a, 0x3a, 0xbf, 0x69, 0x02, 0x2e, 0x15, 0x96, 0xcc, 0xcb, 0x62, 0x88, 0xc0, 0xea, 0x12, 0xeb,
    0x5c, 0xac, 0x01, 0x98, 0x3d, 0x00, 0x06, 0x8f, 0x6e, 0x33, 0xda, 0x70, 0x36, 0xd3, 0x37, 0x99,
    0xf7, 0xd6, 0xb0, 0x43, 0x9d, 0xd9, 0x5e, 0xd1, 0x54, 0xb5, 0x40, 0xd0, 0x87, 0xed, 0x7f, 0x3a,
    0x64, 0x4b, 0xbc, 0x29, 0x1c, 0x12, 0x78, 0x5d, 0x33, 0x42, 0xe2, 0x66, 0x10, 0x3d, 0x1e, 0xec,
    0x1c, 0x91, 0xe8, 0xda, 0x7c, 0xd1, 0x7a, 0x73, 0x86, 0x1f, 0xf6, 0x28, 0x2b, 0xd7, 0x71, 0x14,
    0xa0, 0x27, 0x1f, 0x7c, 0x68, 0x01, 0x17, 0x32, 0x98, 0xd7, 0x97, 0x00, 0x00, 0x00, 0x00, 0x49,
    0x45, 0x4e, 0x44, 0xae, 0x42, 0x60, 0x82,
};

static const unsigned char flint_icon_sound1[] = {
    0x89, 0x50, 0x4e, 0x47, 0x0d, 0x0a, 0x1a, 0x0a, 0x00, 0x00, 0x00, 0x0d, 0x49, 0x48, 0x44, 0x52,
    0x00, 0x00, 0x00, 0x18, 0x00, 0x00, 0x00, 0x18, 0x08, 0x06, 0x00, 0x00, 0x00, 0xe0, 0x77, 0x3d,
    0xf8, 0x00, 0x00, 0x00, 0x01, 0x73, 0x52, 0x47, 0x42, 0x00, 0xae, 0xce, 0x1c, 0xe9, 0x00, 0x00,
    0x00, 0xaf, 0x49, 0x44, 0x41, 0x54, 0x48, 0x89, 0xed, 0x95, 0x31, 0x0e, 0x83, 0x30, 0x0c, 0x45,
    0x1d, 0xc4, 0xd1, 0xc2, 0x19, 0xc2, 0x18, 0x4e, 0x06, 0x63, 0x39, 0x43, 0xb9, 0xdb, 0xef, 0x14,
    0x54, 0xa8, 0xe3, 0xd8, 0xc5, 0x0c, 0x95, 0xfa, 0xa7, 0x28, 0x51, 0xde, 0x93, 0x62, 0x2b, 0x26,
    0xfa, 0xf5, 0x84, 0x6f, 0x2e, 0xe5, 0x14, 0x51, 0xd6, 0xcb, 0xba, 0x89, 0x8c, 0xce, 0x0a, 0x2e,
    0xf0, 0xf9, 0xf1, 0x54, 0xdd, 0xe9, 0xb5, 0xe0, 0xb2, 0xd6, 0x82, 0x55, 0x82, 0x2b, 0x60, 0x51,
    0xe0, 0x01, 0x3e, 0x08, 0xde, 0x81, 0x5e, 0xe0, 0x5d, 0xc0, 0x15, 0x6d, 0x1a, 0x07, 0x13, 0x04,
    0x00, 0x42, 0x08, 0x6c, 0x37, 0x75, 0x67, 0xb8, 0x77, 0x4c, 0x6d, 0x2a, 0x05, 0xc0, 0xc7, 0x33,
    0xbb, 0x09, 0x6a, 0xcf, 0xe3, 0x26, 0x90, 0xf2, 0x17, 0x10, 0x51, 0xbd, 0xc0, 0xbb, 0xc0, 0xda,
    0xf7, 0x5c, 0x6a, 0x85, 0xee, 0x97, 0x75, 0x0b, 0x39, 0x45, 0x78, 0x48, 0x58, 0x31, 0xb7, 0xa9,
    0xfd, 0x8b, 0xa6, 0x71, 0x68, 0xce, 0x03, 0xf1, 0xb0, 0x25, 0xba, 0x2c, 0x68, 0x89, 0x34, 0x02,
    0x53, 0xca, 0x44, 0xcb, 0x29, 0x02, 0x00, 0xb8, 0x5f, 0xf8, 0x9c, 0xdb, 0x67, 0xf2, 0xed, 0x79,
    0x01, 0x77, 0x58, 0x57, 0xf2, 0x7d, 0x3f, 0x91, 0x64, 0x00, 0x00, 0x00, 0x00, 0x49, 0x45, 0x4e,
    0x44, 0xae, 0x42, 0x60, 0x82,
};

static const unsigned char flint_icon_sound2[] = {
    0x89, 0x50, 0x4e, 0x47, 0x0d, 0x0a, 0x1a, 0x0a, 0x00, 0x00, 0x00, 0x0d, 0x49, 0x48, 0x44, 0x52,
    0x00, 0x00, 0x00, 0x18, 0x00, 0x00, 0x00, 0x18, 0x08, 0x06, 0x00, 0x00, 0x00, 0xe0, 0x77, 0x3d,
    0xf8, 0x00, 0x00, 0x00, 0x01, 0x73, 0x52, 0x47, 0x42, 0x00, 0xae, 0xce, 0x1c, 0xe9, 0x00, 0x00,
    0x00, 0xc4, 0x49, 0x44, 0x41, 0x54, 0x48, 0x89, 0xed, 0x95, 0x31, 0x0e, 0xc3, 0x20, 0x0c, 0x45,
    0xed, 0x88, 0xa3, 0x85, 0x33, 0x84, 0x31, 0x9c, 0xac, 0x8c, 0xe5, 0x0c, 0xe5, 0x6e, 0xee, 0x52,
    0x22, 0x9a, 0x1a, 0x6a, 0x5b, 0x64, 0xa8, 0xd4, 0x3f, 0x21, 0x25, 0xfe, 0x0f, 0xe7, 0x3b, 0x00,
    0xf0, 0xeb, 0x42, 0x4b, 0xd1, 0xbe, 0xad, 0x54, 0xd7, 0x29, 0x97, 0xa1, 0xc7, 0xa2, 0x35, 0xae,
    0xe6, 0xb7, 0xfb, 0x43, 0x54, 0xe3, 0xa4, 0xc6, 0x75, 0xdd, 0x33, 0x26, 0x22, 0x42, 0xc4, 0x8f,
    0x6e, 0x86, 0x00, 0x89, 0xf1, 0x37, 0xb1, 0x00, 0xab, 0x31, 0xd7, 0x85, 0x3b, 0x1b, 0x5a, 0x8c,
    0x01, 0x00, 0x10, 0x11, 0xe9, 0xa5, 0x16, 0xe2, 0xb8, 0xd0, 0x62, 0xf0, 0x2a, 0xf3, 0x6a, 0x5a,
    0x21, 0xed, 0xb3, 0xc5, 0xb2, 0x5b, 0x8d, 0x54, 0x63, 0x3a, 0xd2, 0x79, 0xe7, 0x53, 0x01, 0xdc,
    0x78, 0x4e, 0x05, 0x8c, 0xf4, 0x07, 0x00, 0x40, 0x3f, 0xe0, 0x03, 0xa0, 0x9d, 0x7b, 0x4e, 0xbd,
    0xa0, 0x5d, 0xca, 0x05, 0xf7, 0x6d, 0xa5, 0x19, 0x10, 0xae, 0x13, 0x96, 0x2a, 0x3d, 0x8b, 0x62,
    0xf0, 0x6f, 0xf7, 0x01, 0x77, 0x16, 0xb1, 0x19, 0xa4, 0x5c, 0xb0, 0x16, 0xc6, 0xe0, 0x45, 0x9f,
    0xd0, 0xf4, 0xa3, 0x69, 0x41, 0x5c, 0x0e, 0xa2, 0x29, 0xb2, 0x74, 0x74, 0x40, 0xc5, 0x6f, 0x36,
    0xd2, 0xdc, 0xc9, 0x97, 0xeb, 0x09, 0x2d, 0xff, 0x70, 0x26, 0x6f, 0x1e, 0x78, 0x90, 0x00, 0x00,
    0x00, 0x00, 0x49, 0x45, 0x4e, 0x44, 0xae, 0x42, 0x60, 0x82,
};

static const unsigned char flint_icon_sound3[] = {
    0x89, 0x50, 0x4e, 0x47, 0x0d, 0x0a, 0x1a, 0x0a, 0x00, 0x00, 0x00, 0x0d, 0x49, 0x48, 0x44, 0x52,
    0x00, 0x00, 0x00, 0x18, 0x00, 0x00, 0x00, 0x18, 0x08, 0x06, 0x00, 0x00, 0x00, 0xe0, 0x77, 0x3d,
    0xf8, 0x00, 0x00, 0x00, 0x01, 0x73, 0x52, 0x47, 0x42, 0x00, 0xae, 0xce, 0x1c, 0xe9, 0x00, 0x00,
    0x00, 0xd0, 0x49, 0x44, 0x41, 0x54, 0x48, 0x89, 0xed, 0x95, 0x31, 0x0e, 0xc3, 0x20, 0x0c, 0x45,
    0xed, 0x88, 0xa3, 0x85, 0x33, 0x84, 0x31, 0x9c, 0xac, 0x8c, 0xe5, 0x0c, 0xe5, 0x6e, 0xee, 0x52,
    0x47, 0x14, 0xd9, 0x2e, 0x90, 0x74, 0xa8, 0xd4, 0x3f, 0x25, 0x12, 0xf9, 0xef, 0x1b, 0x13, 0x03,
    0xf0, 0x6b, 0x22, 0x22, 0xaa, 0xdf, 0xdd, 0x8c, 0xc9, 0xbe, 0xad, 0x87, 0x49, 0xca, 0x05, 0xad,
    0xb5, 0xcb, 0xa8, 0x31, 0x9b, 0xdf, 0xee, 0x0f, 0x75, 0x5d, 0x5d, 0x45, 0x57, 0x05, 0x75, 0x62,
    0xcd, 0x98, 0x88, 0x08, 0x5f, 0xea, 0x06, 0xf4, 0x18, 0x6b, 0x62, 0xa0, 0x08, 0x98, 0x35, 0x96,
    0xaa, 0x70, 0xad, 0xe1, 0x6c, 0x62, 0x36, 0x65, 0x08, 0x03, 0x9d, 0xd4, 0xb4, 0x18, 0xfc, 0x90,
    0xb9, 0x94, 0x9c, 0x9f, 0x97, 0x99, 0xb4, 0x23, 0x1a, 0x3a, 0xa6, 0x96, 0xda, 0x1f, 0xec, 0x52,
    0x00, 0xef, 0xf9, 0xd7, 0x00, 0x96, 0xfe, 0x00, 0x00, 0xd0, 0x1b, 0x7c, 0x00, 0x46, 0xcf, 0xbd,
    0x24, 0xad, 0xd1, 0x2e, 0xe5, 0x82, 0xfb, 0xb6, 0xd2, 0x15, 0x10, 0xa9, 0x12, 0x91, 0xda, 0x3b,
    0x8b, 0x62, 0xf0, 0x6f, 0xf7, 0x41, 0x3b, 0x26, 0x00, 0x94, 0x1e, 0xa4, 0x5c, 0x90, 0x3f, 0x8c,
    0xc1, 0x77, 0x6d, 0xa1, 0x98, 0x1e, 0x11, 0xcd, 0x26, 0x8f, 0x82, 0xda, 0xf4, 0x6a, 0x05, 0x67,
    0x41, 0x35, 0xcc, 0xbc, 0x4f, 0x35, 0x59, 0x77, 0x72, 0x3d, 0x4d, 0x67, 0xbc, 0x3f, 0xaa, 0xed,
    0xc5, 0x13, 0xa5, 0x6a, 0x9c, 0x19, 0x14, 0xb1, 0x11, 0x36, 0x00, 0x00, 0x00, 0x00, 0x49, 0x45,
    0x4e, 0x44, 0xae, 0x42, 0x60, 0x82,
};

static const unsigned char flint_icon_srht[] = {
    0x89, 0x50, 0x4e, 0x47, 0x0d, 0x0a, 0x1a, 0x0a, 0x00, 0x00, 0x00, 0x0d, 0x49, 0x48, 0x44, 0x52,
    0x00, 0x00, 0x00, 0x20, 0x00, 0x00, 0x00, 0x20, 0x08, 0x06, 0x00, 0x00, 0x00, 0x73, 0x7a, 0x7a,
    0xf4, 0x00, 0x00, 0x00, 0x01, 0x73, 0x52, 0x47, 0x42, 0x00, 0xae, 0xce, 0x1c, 0xe9, 0x00, 0x00,
    0x00, 0xa3, 0x49, 0x44, 0x41, 0x54, 0x58, 0x85, 0xed, 0x97, 0xd1, 0x0e, 0x80, 0x20, 0x08, 0x45,
    0xd1, 0xff, 0xff, 0x67, 0x7b, 0xb2, 0x99, 0x93, 0x04, 0x06, 0x5c, 0x1f, 0xe4, 0xa1, 0xad, 0x92,
    0x7b, 0x2e, 0xba, 0x15, 0x14, 0xd2, 0x47, 0xdb, 0xbc, 0x2f, 0x1a, 0x31, 0xe9, 0xe2, 0x19, 0xca,
    0xe5, 0x49, 0xd7, 0xa9, 0xa2, 0x2d, 0x84, 0xdd, 0xf2, 0xfe, 0x1c, 0x8e, 0xc9, 0xd6, 0x4a, 0xcc,
    0x1a, 0xd6, 0xaa, 0x5d, 0xf4, 0xbc, 0xe1, 0x2a, 0xdd, 0x28, 0xb8, 0x58, 0x3f, 0x12, 0xbe, 0x64,
    0xd4, 0x64, 0x38, 0xcb, 0x8a, 0xde, 0xfa, 0x2d, 0x2f, 0x13, 0xfe, 0x61, 0xd6, 0xdd, 0xaa, 0xe8,
    0xa8, 0x84, 0xa9, 0xbe, 0x47, 0x7b, 0x2f, 0x28, 0x03, 0x47, 0x1c, 0xc1, 0x35, 0x70, 0x0d, 0x10,
    0x01, 0x3f, 0x44, 0xcb, 0x9b, 0x4c, 0x03, 0xc7, 0x1c, 0x01, 0x11, 0xf8, 0x6f, 0xd8, 0x1f, 0x66,
    0xf5, 0x03, 0x2c, 0x07, 0xda, 0x90, 0x64, 0x98, 0x10, 0x69, 0x43, 0x9b, 0xd2, 0x28, 0x13, 0xac,
    0xde, 0xb1, 0x83, 0xc9, 0x2c, 0x02, 0x19, 0xcd, 0x66, 0x31, 0x49, 0x9e, 0x7a, 0x38, 0xb5, 0x6c,
    0x8b, 0xeb, 0x78, 0xfe, 0x00, 0x66, 0x54, 0x41, 0xe7, 0x0c, 0xac, 0x9d, 0x8d, 0x00, 0x00, 0x00,
    0x00, 0x49, 0x45, 0x4e, 0x44, 0xae, 0x42, 0x60, 0x82,
};

static const unsigned char flint_icon_stack[] = {
    0x89, 0x50, 0x4e, 0x47, 0x0d, 0x0a, 0x1a, 0x0a, 0x00, 0x00, 0x00, 0x0d, 0x49, 0x48, 0x44, 0x52,
    0x00, 0x00, 0x00, 0x10, 0x00, 0x00, 0x00, 0x10, 0x08, 0x06, 0x00, 0x00, 0x00, 0x1f, 0xf3, 0xff,
    0x61, 0x00, 0x00, 0x00, 0x01, 0x73, 0x52, 0x47, 0x42, 0x00, 0xae, 0xce, 0x1c, 0xe9, 0x00, 0x00,
    0x00, 0x2a, 0x49, 0x44, 0x41, 0x54, 0x38, 0x8d, 0x63, 0x60, 0xa0, 0x10, 0x30, 0x32, 0x30, 0x30,
    0x30, 0xfc, 0xff, 0xff, 0xff, 0x3f, 0x59, 0x9a, 0x19, 0x19, 0x19, 0x99, 0x28, 0x75, 0xc1, 0xc0,
    0x83, 0xd1, 0x30, 0x18, 0x0d, 0x03, 0x06, 0x86, 0x61, 0x11, 0x06, 0x00, 0x44, 0x10, 0x10, 0x0d,
    0x56, 0xea, 0x3c, 0x89, 0x00, 0x00, 0x00, 0x00, 0x49, 0x45, 0x4e, 0x44, 0xae, 0x42, 0x60, 0x82,
};

static const unsigned char flint_icon_stat[] = {
    0x89, 0x50, 0x4e, 0x47, 0x0d, 0x0a, 0x1a, 0x0a, 0x00, 0x00, 0x00, 0x0d, 0x49, 0x48, 0x44, 0x52,
    0x00, 0x00, 0x00, 0x10, 0x00, 0x00, 0x00, 0x10, 0x08, 0x06, 0x00, 0x00, 0x00, 0x1f, 0xf3, 0xff,
    0x61, 0x00, 0x00, 0x00, 0x01, 0x73, 0x52, 0x47, 0x42, 0x00, 0xae, 0xce, 0x1c, 0xe9, 0x00, 0x00,
    0x00, 0x6e, 0x49, 0x44, 0x41, 0x54, 0x38, 0x8d, 0xdd, 0x53, 0x41, 0x0e, 0xc0, 0x20, 0x08, 0x2b,
    0x8b, 0x2f, 0x52, 0xff, 0xff, 0x35, 0x76, 0x19, 0x4b, 0xc7, 0x20, 0x24, 0x64, 0xa7, 0xf5, 0xa2,
    0x52, 0xac, 0x55, 0x04, 0x7b, 0x4d, 0x55, 0x55, 0x45, 0x13, 0x47, 0x67, 0x93, 0x5e, 0x00, 0x80,
    0x11, 0x91, 0x3e, 0x26, 0x22, 0xe2, 0x79, 0x8b, 0x3d, 0x1c, 0x30, 0x69, 0x88, 0x44, 0x59, 0xf0,
    0x75, 0x05, 0x26, 0x79, 0xcd, 0xb6, 0x19, 0x23, 0x4a, 0xae, 0x44, 0x19, 0xe9, 0x23, 0x56, 0x95,
    0x31, 0xbe, 0x55, 0x85, 0xd4, 0x41, 0x76, 0x2a, 0xc7, 0x7d, 0xce, 0xb7, 0x0e, 0x7e, 0x20, 0xc0,
    0xf5, 0xae, 0xe6, 0x36, 0xde, 0x1f, 0xa9, 0xdb, 0x91, 0xb2, 0xd7, 0x6c, 0xb7, 0x32, 0x00, 0x9c,
    0x73, 0xd6, 0x3f, 0x54, 0x44, 0xc9, 0x6d, 0x34, 0x00, 0x00, 0x00, 0x00, 0x49, 0x45, 0x4e, 0x44,
    0xae, 0x42, 0x60, 0x82,
};

static const unsigned char flint_icon_stripe[] = {
    0x89, 0x50, 0x4e, 0x47, 0x0d, 0x0a, 0x1a, 0x0a, 0x00, 0x00, 0x00, 0x0d, 0x49, 0x48, 0x44, 0x52,
    0x00, 0x00, 0x00, 0x10, 0x00, 0x00, 0x00, 0x10, 0x08, 0x06, 0x00, 0x00, 0x00, 0x1f, 0xf3, 0xff,
    0x61, 0x00, 0x00, 0x00, 0x01, 0x73, 0x52, 0x47, 0x42, 0x00, 0xae, 0xce, 0x1c, 0xe9, 0x00, 0x00,
    0x00, 0x6e, 0x49, 0x44, 0x41, 0x54, 0x38, 0x8d, 0x63, 0x4c, 0x9a, 0xf5, 0xff, 0x3f, 0x03, 0x05,
    0x80, 0x05, 0x5d, 0xa0, 0x39, 0x04, 0xb7, 0xe2, 0xda, 0x35, 0x98, 0x62, 0x4c, 0xc4, 0x6a, 0xc6,
    0x25, 0x8f, 0xe1, 0x02, 0x6c, 0xb6, 0xe1, 0x33, 0x18, 0xa7, 0x01, 0xb8, 0x0c, 0x43, 0x07, 0x4c,
    0xb8, 0x24, 0x08, 0x79, 0x07, 0x06, 0x18, 0xd1, 0x63, 0x01, 0x9b, 0x46, 0x7c, 0x2e, 0xc0, 0x30,
    0x00, 0x97, 0x41, 0xb8, 0x0c, 0xc1, 0x69, 0x00, 0x36, 0x83, 0x08, 0x46, 0x23, 0x36, 0x40, 0x28,
    0x36, 0x08, 0x1a, 0x40, 0x08, 0xa0, 0x44, 0x23, 0x21, 0xe7, 0x12, 0x34, 0x00, 0x97, 0x61, 0xf8,
    0x00, 0x8a, 0x17, 0x08, 0xd9, 0x8a, 0x4d, 0x9e, 0x60, 0x2c, 0x90, 0xe4, 0x02, 0x72, 0x00, 0x00,
    0x1e, 0x2c, 0x23, 0xdf, 0xee, 0xcb, 0x8a, 0xbb, 0x00, 0x00, 0x00, 0x00, 0x49, 0x45, 0x4e, 0x44,
    0xae, 0x42, 0x60, 0x82,
};

static const unsigned char flint_icon_sun[] = {
    0x89, 0x50, 0x4e, 0x47, 0x0d, 0x0a, 0x1a, 0x0a, 0x00, 0x00, 0x00, 0x0d, 0x49, 0x48, 0x44, 0x52,
    0x00, 0x00, 0x00, 0x10, 0x00, 0x00, 0x00, 0x10, 0x08, 0x06, 0x00, 0x00, 0x00, 0x1f, 0xf3, 0xff,
    0x61, 0x00, 0x00, 0x00, 0x01, 0x73, 0x52, 0x47, 0x42, 0x00, 0xae, 0xce, 0x1c, 0xe9, 0x00, 0x00,
    0x00, 0x5f, 0x49, 0x44, 0x41, 0x54, 0x38, 0x8d, 0xa5, 0x53, 0x41, 0x12, 0x00, 0x21, 0x08, 0x8a,
    0xfe, 0xff, 0x67, 0xf7, 0xb4, 0x3b, 0xd5, 0x42, 0x61, 0x7a, 0x32, 0x54, 0x68, 0x28, 0xd1, 0x48,
    0x44, 0x44, 0x30, 0x1c, 0x00, 0x18, 0xfe, 0x1b, 0x66, 0x04, 0x0a, 0x4f, 0x35, 0x6d, 0xeb, 0x96,
    0x82, 0xea, 0x73, 0x87, 0x59, 0x3f, 0xbe, 0xc4, 0x31, 0x68, 0x21, 0x99, 0x13, 0xf7, 0xba, 0x4b,
    0xbd, 0x1f, 0x15, 0x0e, 0x22, 0x92, 0xc0, 0x0d, 0x49, 0x30, 0x7a, 0xb2, 0xf3, 0xa7, 0x6e, 0xe2,
    0x7b, 0xb8, 0x7d, 0xc6, 0x34, 0x49, 0xe9, 0x37, 0x96, 0xf6, 0x41, 0xe1, 0xd4, 0xb8, 0xcc, 0x3a,
    0x3f, 0xfb, 0x0f, 0xaf, 0x73, 0x1a, 0x91, 0x95, 0xf6, 0x00, 0x00, 0x00, 0x00, 0x49, 0x45, 0x4e,
    0x44, 0xae, 0x42, 0x60, 0x82,
};

static const unsigned char flint_icon_tcl[] = {
    0x89, 0x50, 0x4e, 0x47, 0x0d, 0x0a, 0x1a, 0x0a, 0x00, 0x00, 0x00, 0x0d, 0x49, 0x48, 0x44, 0x52,
    0x00, 0x00, 0x00, 0x10, 0x00, 0x00, 0x00, 0x10, 0x08, 0x06, 0x00, 0x00, 0x00, 0x1f, 0xf3, 0xff,
    0x61, 0x00, 0x00, 0x00, 0x01, 0x73, 0x52, 0x47, 0x42, 0x00, 0xae, 0xce, 0x1c, 0xe9, 0x00, 0x00,
    0x00, 0xff, 0x49, 0x44, 0x41, 0x54, 0x38, 0x8d, 0x85, 0x92, 0xbd, 0x0d, 0xc2, 0x30, 0x10, 0x85,
    0x3f, 0x90, 0xa1, 0x08, 0x6c, 0x10, 0xd1, 0xc4, 0x6d, 0x46, 0x62, 0x02, 0x86, 0xa0, 0xa1, 0xa1,
    0xa1, 0xa4, 0x60, 0x06, 0xa6, 0xa0, 0x40, 0xa2, 0x45, 0xa2, 0x35, 0x8a, 0x84, 0xd8, 0x00, 0x68,
    0x22, 0x14, 0x8a, 0x70, 0xd6, 0xe5, 0x30, 0xf0, 0x3a, 0xff, 0x7c, 0x77, 0xef, 0x9d, 0xdd, 0xdb,
    0xdf, 0xd7, 0x4d, 0x9e, 0x95, 0x5c, 0x1f, 0x27, 0xb4, 0xec, 0x5e, 0x9e, 0x95, 0x8c, 0xc2, 0x13,
    0x80, 0xfa, 0x76, 0x01, 0x60, 0x30, 0x9e, 0xd0, 0xab, 0x9a, 0x5d, 0x43, 0x42, 0x29, 0x58, 0x40,
    0x81, 0x01, 0xdc, 0x2f, 0x38, 0xcf, 0x4a, 0x86, 0xc7, 0x0a, 0xa8, 0xa8, 0x0d, 0x28, 0x72, 0xd7,
    0xc7, 0x89, 0x3c, 0x2b, 0x3f, 0x40, 0xe0, 0x0d, 0xa7, 0x41, 0x51, 0x5f, 0x2e, 0xa7, 0x64, 0x21,
    0x1d, 0x01, 0x60, 0x3a, 0x5b, 0xb6, 0x11, 0x6c, 0x5e, 0xe9, 0x9e, 0xb2, 0xad, 0x07, 0x08, 0xd0,
    0xb7, 0xd3, 0xff, 0x65, 0x7d, 0x30, 0x9e, 0xc4, 0xf5, 0x74, 0xb6, 0x6c, 0x0b, 0x68, 0xd0, 0xc6,
    0xf9, 0x96, 0x7b, 0xb1, 0x39, 0x00, 0x50, 0x78, 0x8f, 0x93, 0xf7, 0xb6, 0x83, 0x4b, 0xd9, 0x16,
    0xf8, 0x1c, 0x42, 0x5c, 0x27, 0x23, 0xd8, 0xce, 0x62, 0x5d, 0xe0, 0xc2, 0xfb, 0x78, 0xe6, 0x52,
    0xaf, 0x50, 0xdf, 0x2e, 0x9d, 0x22, 0xf3, 0xd5, 0x36, 0x76, 0x2d, 0xbc, 0xef, 0x14, 0xe9, 0x7c,
    0xa4, 0xe1, 0xb1, 0x8a, 0xa0, 0x2e, 0x62, 0xbb, 0x6a, 0xc5, 0xaf, 0x6c, 0x61, 0x19, 0xd4, 0x3f,
    0x75, 0x1c, 0xc8, 0xb0, 0x6c, 0x56, 0x3d, 0x34, 0xed, 0xe4, 0x1c, 0x42, 0xeb, 0x40, 0xbf, 0xbb,
    0x9d, 0xb2, 0x06, 0xed, 0x7e, 0xe1, 0x3d, 0x4e, 0x60, 0x0d, 0x7e, 0xcb, 0xab, 0xcf, 0xe4, 0xee,
    0x0b, 0x6d, 0x67, 0x95, 0x4c, 0xc4, 0xca, 0x19, 0xc7, 0x00, 0x00, 0x00, 0x00, 0x49, 0x45, 0x4e,
    0x44, 0xae, 0x42, 0x60, 0x82,
};

static const unsigned char flint_icon_telegram[] = {
    0x89, 0x50, 0x4e, 0x47, 0x0d, 0x0a, 0x1a, 0x0a, 0x00, 0x00, 0x00, 0x0d, 0x49, 0x48, 0x44, 0x52,
    0x00, 0x00, 0x00, 0x10, 0x00, 0x00, 0x00, 0x10, 0x08, 0x06, 0x00, 0x00, 0x00, 0x1f, 0xf3, 0xff,
    0x61, 0x00, 0x00, 0x00, 0x01, 0x73, 0x52, 0x47, 0x42, 0x00, 0xae, 0xce, 0x1c, 0xe9, 0x00, 0x00,
    0x00, 0x70, 0x49, 0x44, 0x41, 0x54, 0x38, 0x8d, 0xa5, 0x91, 0x31, 0x0e, 0xc0, 0x20, 0x0c, 0x03,
    0x6d, 0xc4, 0x4b, 0x3b, 0xe4, 0x51, 0x1d, 0xf8, 0x2a, 0x9d, 0xa8, 0xd2, 0x28, 0x04, 0x42, 0x3d,
    0x21, 0xd0, 0x1d, 0x86, 0x10, 0x87, 0xb9, 0xee, 0xde, 0x01, 0x80, 0xa7, 0xe0, 0xc8, 0x96, 0xc0,
    0x42, 0x23, 0x4d, 0xc8, 0x9a, 0x01, 0xbc, 0x7c, 0x1a, 0x64, 0xc0, 0x26, 0x24, 0x00, 0xd4, 0x2c,
    0x68, 0x53, 0x56, 0x70, 0x13, 0x72, 0xdc, 0xe6, 0x0a, 0xa2, 0xc3, 0xd9, 0x99, 0xde, 0x7f, 0x17,
    0xba, 0x89, 0x05, 0x6d, 0x4b, 0x57, 0x30, 0x8b, 0xf7, 0x44, 0x2d, 0x28, 0x2b, 0x41, 0x04, 0x2f,
    0x05, 0x3b, 0xd3, 0x49, 0x37, 0xf8, 0x25, 0xf0, 0xa6, 0x12, 0x0a, 0xa2, 0x11, 0xa7, 0x12, 0xfd,
    0xc5, 0x03, 0x9a, 0x57, 0x31, 0x23, 0x26, 0x0e, 0x52, 0x87, 0x00, 0x00, 0x00, 0x00, 0x49, 0x45,
    0x4e, 0x44, 0xae, 0x42, 0x60, 0x82,
};

static const unsigned char flint_icon_text[] = {
    0x89, 0x50, 0x4e, 0x47, 0x0d, 0x0a, 0x1a, 0x0a, 0x00, 0x00, 0x00, 0x0d, 0x49, 0x48, 0x44, 0x52,
    0x00, 0x00, 0x00, 0x10, 0x00, 0x00, 0x00, 0x10, 0x08, 0x06, 0x00, 0x00, 0x00, 0x1f, 0xf3, 0xff,
    0x61, 0x00, 0x00, 0x00, 0x01, 0x73, 0x52, 0x47, 0x42, 0x00, 0xae, 0xce, 0x1c, 0xe9, 0x00, 0x00,
    0x00, 0x92, 0x49, 0x44, 0x41, 0x54, 0x38, 0x8d, 0x63, 0x60, 0xa0, 0x10, 0x30, 0x32, 0x30, 0x30,
    0x30, 0xb4, 0x96, 0x65, 0xfc, 0x27, 0x47, 0x73, 0x75, 0xd7, 0x0c, 0x46, 0x26, 0xaa, 0xb8, 0x60,
    0xed, 0xac, 0xf6, 0xff, 0xce, 0x96, 0x06, 0x24, 0x6b, 0x16, 0xd0, 0xf5, 0x64, 0x64, 0x41, 0x13,
    0x60, 0x60, 0x60, 0x60, 0x60, 0xf8, 0x70, 0x79, 0x3b, 0xba, 0x42, 0x0c, 0xcd, 0x30, 0x35, 0x2c,
    0xe8, 0x82, 0x02, 0xba, 0x9e, 0x78, 0x35, 0xa0, 0x03, 0x16, 0x74, 0x01, 0x5c, 0x0a, 0x71, 0x01,
    0x8a, 0x03, 0x11, 0x67, 0x18, 0xa0, 0x7b, 0x03, 0x5d, 0x0c, 0xe6, 0x52, 0x26, 0x74, 0x45, 0xe8,
    0x06, 0x61, 0x13, 0x7b, 0x76, 0x61, 0x21, 0x76, 0x17, 0x20, 0x1b, 0x82, 0x4f, 0x8c, 0x8b, 0x59,
    0x8c, 0xe1, 0xdb, 0xdf, 0x57, 0x98, 0x2e, 0x40, 0xf7, 0x0e, 0xae, 0x18, 0x41, 0x16, 0xc3, 0x1a,
    0x06, 0xc8, 0x36, 0xe3, 0x32, 0x04, 0xab, 0x01, 0xc4, 0x38, 0x1f, 0x06, 0x08, 0x7a, 0x01, 0x5d,
    0x21, 0xcd, 0x00, 0x00, 0x46, 0x5b, 0x45, 0xb4, 0x41, 0x62, 0x90, 0xcb, 0x00, 0x00, 0x00, 0x00,
    0x49, 0x45, 0x4e, 0x44, 0xae, 0x42, 0x60, 0x82,
};

static const unsigned char flint_icon_tile[] = {
    0x89, 0x50, 0x4e, 0x47, 0x0d, 0x0a, 0x1a, 0x0a, 0x00, 0x00, 0x00, 0x0d, 0x49, 0x48, 0x44, 0x52,
    0x00, 0x00, 0x00, 0x10, 0x00, 0x00, 0x00, 0x10, 0x08, 0x06, 0x00, 0x00, 0x00, 0x1f, 0xf3, 0xff,
    0x61, 0x00, 0x00, 0x00, 0x01, 0x73, 0x52, 0x47, 0x42, 0x00, 0xae, 0xce, 0x1c, 0xe9, 0x00, 0x00,
    0x00, 0xb0, 0x49, 0x44, 0x41, 0x54, 0x38, 0x8d, 0x63, 0xfc, 0xbf, 0x57, 0xfa, 0x7f, 0xc5, 0x9d,
    0x3a, 0x06, 0x72, 0x40, 0x87, 0x4a, 0x13, 0x03, 0x53, 0xc5, 0x9d, 0x3a, 0x86, 0x0e, 0x95, 0x26,
    0xb2, 0x34, 0x57, 0xdc, 0xa9, 0x63, 0x60, 0x61, 0x60, 0x60, 0x60, 0x80, 0x19, 0x02, 0x73, 0x09,
    0x2e, 0x03, 0x91, 0xe5, 0x61, 0x6c, 0xc6, 0xf2, 0x99, 0x33, 0xff, 0x23, 0x9b, 0x0a, 0x07, 0x4e,
    0xe7, 0x51, 0x75, 0xef, 0x33, 0xc4, 0x30, 0x88, 0x81, 0x81, 0x81, 0x81, 0x09, 0xdd, 0x16, 0xb3,
    0x0e, 0x2d, 0x4c, 0xcd, 0x30, 0x03, 0xb1, 0x88, 0xc3, 0x0d, 0x40, 0xb6, 0xdd, 0xcc, 0x2d, 0x1a,
    0xab, 0x17, 0xb0, 0xa9, 0x45, 0x71, 0x81, 0x59, 0x87, 0x16, 0x5e, 0x8d, 0x70, 0x97, 0x60, 0x73,
    0x01, 0x3a, 0x20, 0xe4, 0x0a, 0x82, 0x06, 0x10, 0x0b, 0x70, 0x1a, 0x70, 0x6a, 0xd7, 0x52, 0xd2,
    0x0d, 0x38, 0x55, 0x71, 0x8d, 0xb0, 0x0e, 0xa4, 0xe8, 0x44, 0x31, 0x00, 0x39, 0x6e, 0x09, 0xd9,
    0x8e, 0x37, 0x1d, 0x9c, 0xaa, 0xb8, 0x86, 0x61, 0x0b, 0xdc, 0x66, 0x2c, 0xe2, 0x2c, 0x30, 0x06,
    0x46, 0x52, 0xc6, 0xa2, 0x18, 0x67, 0x52, 0x46, 0x16, 0x20, 0x16, 0xc0, 0xf4, 0x30, 0x52, 0x9a,
    0x9d, 0x01, 0x9f, 0x2c, 0x50, 0xde, 0x1d, 0x6c, 0x55, 0xa3, 0x00, 0x00, 0x00, 0x00, 0x49, 0x45,
    0x4e, 0x44, 0xae, 0x42, 0x60, 0x82,
};

static const unsigned char flint_icon_tile2[] = {
    0x89, 0x50, 0x4e, 0x47, 0x0d, 0x0a, 0x1a, 0x0a, 0x00, 0x00, 0x00, 0x0d, 0x49, 0x48, 0x44, 0x52,
    0x00, 0x00, 0x00, 0x10, 0x00, 0x00, 0x00, 0x10, 0x08, 0x06, 0x00, 0x00, 0x00, 0x1f, 0xf3, 0xff,
    0x61, 0x00, 0x00, 0x00, 0x01, 0x73, 0x52, 0x47, 0x42, 0x00, 0xae, 0xce, 0x1c, 0xe9, 0x00, 0x00,
    0x00, 0x88, 0x49, 0x44, 0x41, 0x54, 0x38, 0x8d, 0x95, 0x93, 0xc9, 0x0d, 0x80, 0x30, 0x0c, 0x04,
    0x07, 0x94, 0x2e, 0x28, 0x23, 0x15, 0xd0, 0x0a, 0x2f, 0x4a, 0x42, 0x34, 0x43, 0x05, 0x94, 0x91,
    0x2e, 0x2c, 0x85, 0x07, 0x0a, 0x77, 0x90, 0xd7, 0xbf, 0x3c, 0x66, 0x76, 0x2d, 0x2b, 0xcd, 0x30,
    0xe7, 0x6c, 0x31, 0xa1, 0x4e, 0x58, 0x3b, 0x00, 0xda, 0xeb, 0x43, 0x85, 0x01, 0x5a, 0x8b, 0x09,
    0x8b, 0x49, 0x96, 0x00, 0x8c, 0xbd, 0xed, 0x0d, 0x00, 0xbc, 0x6b, 0x94, 0xa0, 0xb1, 0xb7, 0xbd,
    0x81, 0x92, 0xf8, 0x84, 0x25, 0xc1, 0x17, 0xec, 0x16, 0xd4, 0x60, 0x80, 0xe0, 0x01, 0x6b, 0xb0,
    0xbb, 0x41, 0x0d, 0xfe, 0x15, 0x78, 0xcf, 0xfa, 0x5a, 0xc1, 0x53, 0xfb, 0x57, 0xe0, 0x05, 0xcb,
    0xdc, 0x56, 0x08, 0x6b, 0x27, 0xc1, 0x37, 0x81, 0x02, 0x4f, 0xcb, 0x59, 0xfc, 0xf8, 0x4c, 0x6a,
    0x72, 0x91, 0x34, 0xc3, 0x9c, 0xb3, 0x0a, 0x5f, 0x05, 0x1b, 0xc3, 0x69, 0x34, 0xc3, 0xd1, 0x6f,
    0x92, 0xa7, 0x00, 0x00, 0x00, 0x00, 0x49, 0x45, 0x4e, 0x44, 0xae, 0x42, 0x60, 0x82,
};

static const unsigned char flint_icon_tile3[] = {
    0x89, 0x50, 0x4e, 0x47, 0x0d, 0x0a, 0x1a, 0x0a, 0x00, 0x00, 0x00, 0x0d, 0x49, 0x48, 0x44, 0x52,
    0x00, 0x00, 0x00, 0x10, 0x00, 0x00, 0x00, 0x10, 0x08, 0x06, 0x00, 0x00, 0x00, 0x1f, 0xf3, 0xff,
    0x61, 0x00, 0x00, 0x00, 0x01, 0x73, 0x52, 0x47, 0x42, 0x00, 0xae, 0xce, 0x1c, 0xe9, 0x00, 0x00,
    0x00, 0xb6, 0x49, 0x44, 0x41, 0x54, 0x38, 0x8d, 0x63, 0xd4, 0x4f, 0x68, 0xfa, 0xcf, 0x00, 0x05,
    0xf1, 0xdf, 0x76, 0xc2, 0x98, 0x0c, 0x0b, 0xb9, 0xdc, 0x19, 0x90, 0x01, 0x2e, 0x39, 0x26, 0x64,
    0x45, 0xc8, 0x12, 0xc8, 0x1a, 0xd0, 0x35, 0x9f, 0x99, 0xb4, 0x05, 0xce, 0x67, 0x44, 0x76, 0x01,
    0x36, 0x0d, 0xb8, 0x2c, 0xc0, 0xea, 0x02, 0x7c, 0x0a, 0xb1, 0x89, 0x31, 0x30, 0x30, 0x30, 0xb0,
    0xc0, 0x18, 0x67, 0x26, 0x6d, 0x61, 0x30, 0xc9, 0xf3, 0x81, 0x4b, 0xac, 0xb0, 0x35, 0x46, 0x55,
    0x79, 0x16, 0xab, 0x7e, 0x84, 0x0b, 0x90, 0x35, 0xb3, 0x1b, 0xbf, 0xc1, 0x50, 0x88, 0x4d, 0x0c,
    0xc5, 0x00, 0x6c, 0x0a, 0x7f, 0x9e, 0x15, 0x61, 0xf8, 0x79, 0x56, 0x04, 0xaf, 0x21, 0x28, 0x06,
    0xa0, 0x6b, 0xc6, 0xc6, 0x46, 0x37, 0x04, 0x6b, 0x20, 0x92, 0x02, 0x50, 0x0c, 0xc0, 0x65, 0x13,
    0x36, 0x97, 0xc1, 0xd2, 0x02, 0xd6, 0x74, 0x80, 0x2b, 0xc0, 0x90, 0x2d, 0xc0, 0xea, 0x02, 0x7c,
    0x0a, 0xb1, 0x89, 0x31, 0x30, 0xe0, 0x49, 0x07, 0x11, 0x87, 0x51, 0x23, 0x1e, 0x57, 0x42, 0xc2,
    0x9a, 0x0e, 0xb0, 0x25, 0x65, 0x5c, 0xc9, 0x1b, 0xc3, 0x0b, 0xe8, 0x19, 0x07, 0x57, 0x06, 0xc3,
    0x6a, 0x00, 0xae, 0x2c, 0x8b, 0xcf, 0x10, 0x00, 0x98, 0xcd, 0x53, 0x11, 0x87, 0xed, 0x9b, 0xd3,
    0x00, 0x00, 0x00, 0x00, 0x49, 0x45, 0x4e, 0x44, 0xae, 0x42, 0x60, 0x82,
};

static const unsigned char flint_icon_tile4[] = {
    0x89, 0x50, 0x4e, 0x47, 0x0d, 0x0a, 0x1a, 0x0a, 0x00, 0x00, 0x00, 0x0d, 0x49, 0x48, 0x44, 0x52,
    0x00, 0x00, 0x00, 0x10, 0x00, 0x00, 0x00, 0x10, 0x08, 0x06, 0x00, 0x00, 0x00, 0x1f, 0xf3, 0xff,
    0x61, 0x00, 0x00, 0x00, 0x01, 0x73, 0x52, 0x47, 0x42, 0x00, 0xae, 0xce, 0x1c, 0xe9, 0x00, 0x00,
    0x00, 0x87, 0x49, 0x44, 0x41, 0x54, 0x38, 0x8d, 0x63, 0xd4, 0x4f, 0x68, 0xfa, 0xcf, 0x40, 0x01,
    0x60, 0x22, 0x47, 0xd3, 0x99, 0x49, 0x5b, 0x88, 0x33, 0x80, 0xdd, 0xf8, 0x0d, 0x03, 0xbb, 0xf1,
    0x1b, 0x0c, 0x71, 0x93, 0x3c, 0x1f, 0xca, 0x5c, 0x80, 0x0c, 0xe0, 0x06, 0x20, 0x3b, 0x8b, 0x2c,
    0x03, 0x90, 0x9d, 0xc5, 0xc0, 0xc0, 0x80, 0xe2, 0x74, 0x6c, 0xde, 0xc0, 0x30, 0x80, 0x5c, 0x80,
    0xd5, 0x00, 0x6c, 0x36, 0xe2, 0x72, 0x05, 0x49, 0x2e, 0xc0, 0x66, 0x08, 0x86, 0x01, 0xf8, 0xfc,
    0x8b, 0x0c, 0x60, 0x81, 0x8e, 0xd7, 0x05, 0x11, 0x87, 0xcf, 0x32, 0x44, 0x1c, 0x3e, 0x8b, 0xd5,
    0x02, 0x58, 0xa0, 0x33, 0x61, 0x93, 0x24, 0x04, 0x90, 0xd5, 0xb1, 0x20, 0x4b, 0xfc, 0x3c, 0x2b,
    0x82, 0x55, 0x03, 0x2e, 0x71, 0x0c, 0x17, 0x90, 0x03, 0x70, 0x1a, 0x10, 0xff, 0x6d, 0x27, 0x56,
    0x36, 0x51, 0x06, 0x60, 0xd3, 0x80, 0xcb, 0x10, 0x00, 0x60, 0x82, 0x27, 0x90, 0x3d, 0x08, 0x61,
    0xc3, 0x00, 0x00, 0x00, 0x00, 0x49, 0x45, 0x4e, 0x44, 0xae, 0x42, 0x60, 0x82,
};

static const unsigned char flint_icon_timeline[] = {
    0x89, 0x50, 0x4e, 0x47, 0x0d, 0x0a, 0x1a, 0x0a, 0x00, 0x00, 0x00, 0x0d, 0x49, 0x48, 0x44, 0x52,
    0x00, 0x00, 0x00, 0x20, 0x00, 0x00, 0x00, 0x20, 0x08, 0x06, 0x00, 0x00, 0x00, 0x73, 0x7a, 0x7a,
    0xf4, 0x00, 0x00, 0x00, 0x01, 0x73, 0x52, 0x47, 0x42, 0x00, 0xae, 0xce, 0x1c, 0xe9, 0x00, 0x00,
    0x00, 0xe1, 0x49, 0x44, 0x41, 0x54, 0x58, 0x85, 0xd5, 0x97, 0xc1, 0x0e, 0x84, 0x30, 0x08, 0x44,
    0x65, 0xe3, 0xff, 0xff, 0x32, 0x7b, 0xb1, 0x49, 0x25, 0x96, 0x0e, 0x03, 0xec, 0x46, 0x6e, 0x36,
    0x2d, 0xbc, 0x8e, 0x43, 0xab, 0xc7, 0xf1, 0xe7, 0x10, 0x76, 0xa1, 0xaa, 0xea, 0x2d, 0x91, 0x08,
    0x95, 0x2b, 0xbc, 0xc8, 0x16, 0xce, 0x42, 0x84, 0x16, 0xac, 0x76, 0x3d, 0x8f, 0x47, 0x21, 0xe0,
    0xc9, 0x3b, 0xc9, 0x59, 0x88, 0x0f, 0x3a, 0xd1, 0x2b, 0x6e, 0xc7, 0xbc, 0xd7, 0x94, 0x06, 0xf0,
    0x76, 0xc7, 0x78, 0x80, 0x52, 0xa0, 0x32, 0xc2, 0x00, 0x9e, 0xbc, 0x11, 0xe9, 0x47, 0xd0, 0x5d,
    0x50, 0x65, 0xc2, 0xd4, 0x39, 0xf0, 0xd3, 0x36, 0x5c, 0x41, 0xdc, 0x92, 0x75, 0x1f, 0x44, 0x2b,
    0x88, 0xa7, 0xc2, 0xa8, 0x2a, 0x27, 0x0b, 0xb0, 0x4a, 0x1e, 0x35, 0x22, 0x0c, 0x80, 0x24, 0x6e,
    0xeb, 0x02, 0x2a, 0xb1, 0x88, 0x8c, 0x75, 0xde, 0x2b, 0xd8, 0x9e, 0x03, 0xd1, 0x6b, 0x57, 0xae,
    0x40, 0x41, 0x43, 0x1e, 0xb0, 0x89, 0xd9, 0x6f, 0x80, 0x39, 0xe0, 0x93, 0xb0, 0xa2, 0x58, 0x0a,
    0xa0, 0x2b, 0x60, 0x00, 0xc6, 0x88, 0x25, 0x00, 0x9e, 0xf4, 0x15, 0x50, 0x90, 0x09, 0x11, 0x08,
    0xd6, 0x23, 0x65, 0x1e, 0x60, 0xd5, 0x08, 0x01, 0xe8, 0x15, 0xe3, 0xd9, 0xf6, 0x3c, 0x03, 0x41,
    0x2b, 0x30, 0x17, 0xce, 0xb4, 0x28, 0xd5, 0x05, 0xdd, 0xc6, 0x5c, 0x26, 0xde, 0x25, 0x47, 0xe6,
    0xd8, 0x80, 0x14, 0x68, 0xdb, 0x15, 0x02, 0xc0, 0x7c, 0x6e, 0xb5, 0xfc, 0x17, 0xbc, 0xe2, 0x2e,
    0x60, 0x20, 0xbf, 0x86, 0x7c, 0x98, 0x38, 0x51, 0xad, 0xfc, 0x8e, 0x00, 0x00, 0x00, 0x00, 0x49,
    0x45, 0x4e, 0x44, 0xae, 0x42, 0x60, 0x82,
};

static const unsigned char flint_icon_todos[] = {
    0x89, 0x50, 0x4e, 0x47, 0x0d, 0x0a, 0x1a, 0x0a, 0x00, 0x00, 0x00, 0x0d, 0x49, 0x48, 0x44, 0x52,
    0x00, 0x00, 0x00, 0x10, 0x00, 0x00, 0x00, 0x10, 0x08, 0x06, 0x00, 0x00, 0x00, 0x1f, 0xf3, 0xff,
    0x61, 0x00, 0x00, 0x00, 0x01, 0x73, 0x52, 0x47, 0x42, 0x00, 0xae, 0xce, 0x1c, 0xe9, 0x00, 0x00,
    0x00, 0x6b, 0x49, 0x44, 0x41, 0x54, 0x38, 0x8d, 0xa5, 0x53, 0x41, 0x0e, 0xc0, 0x20, 0x08, 0xa3,
    0xfb, 0xff, 0x9f, 0xd9, 0x49, 0xa3, 0xd8, 0x1a, 0xba, 0x71, 0x82, 0x4a, 0x0b, 0x12, 0x40, 0x10,
    0xcb, 0xcc, 0x64, 0x38, 0x00, 0x30, 0xfc, 0x20, 0x33, 0x01, 0x85, 0x5b, 0x49, 0xd7, 0xf7, 0x56,
    0x05, 0x95, 0xd7, 0x25, 0xb3, 0x7c, 0x4c, 0xa7, 0x33, 0xa0, 0x22, 0xb2, 0x3b, 0x66, 0xe5, 0x11,
    0x3f, 0x76, 0xc5, 0x62, 0x87, 0x00, 0x9b, 0xc7, 0x1a, 0xd7, 0xaf, 0xca, 0x0e, 0x06, 0xe9, 0x46,
    0x8e, 0x10, 0x43, 0x64, 0xed, 0x56, 0xf2, 0xe4, 0x6d, 0x81, 0x10, 0x91, 0xe4, 0x15, 0x77, 0x76,
    0xe1, 0xd7, 0x36, 0x7e, 0xbe, 0x07, 0x85, 0xd3, 0xed, 0x73, 0xce, 0xf9, 0x05, 0xd2, 0x35, 0xb7,
    0x7c, 0x7d, 0x00, 0xba, 0xca, 0x00, 0x00, 0x00, 0x00, 0x49, 0x45, 0x4e, 0x44, 0xae, 0x42, 0x60,
    0x82,
};

static const unsigned char flint_icon_trash[] = {
    0x89, 0x50, 0x4e, 0x47, 0x0d, 0x0a, 0x1a, 0x0a, 0x00, 0x00, 0x00, 0x0d, 0x49, 0x48, 0x44, 0x52,
    0x00, 0x00, 0x00, 0x10, 0x00, 0x00, 0x00, 0x10, 0x08, 0x06, 0x00, 0x00, 0x00, 0x1f, 0xf3, 0xff,
    0x61, 0x00, 0x00, 0x00, 0x01, 0x73, 0x52, 0x47, 0x42, 0x00, 0xae, 0xce, 0x1c, 0xe9, 0x00, 0x00,
    0x00, 0x72, 0x49, 0x44, 0x41, 0x54, 0x38, 0x8d, 0x63, 0x64, 0xc0, 0x01, 0x12, 0xc2, 0x5d, 0xfe,
    0xa3, 0x8b, 0x2d, 0x58, 0xb9, 0x87, 0x11, 0x5d, 0x0c, 0x43, 0x00, 0x59, 0xf3, 0xfc, 0x15, 0xbb,
    0xe1, 0x62, 0x89, 0x11, 0xae, 0x58, 0x0d, 0x61, 0xc4, 0x65, 0x1b, 0x31, 0x60, 0xc1, 0xca, 0x3d,
    0x8c, 0x8c, 0xd8, 0x6c, 0x23, 0x06, 0xc0, 0x5c, 0xc4, 0x48, 0xae, 0xed, 0x18, 0x20, 0x21, 0xdc,
    0xe5, 0x3f, 0x29, 0x00, 0x66, 0x31, 0x13, 0xa5, 0x16, 0x63, 0x35, 0x00, 0xe6, 0x3f, 0x7c, 0x6c,
    0xbc, 0x06, 0x50, 0xec, 0x82, 0xa1, 0x65, 0x00, 0x1c, 0x50, 0x25, 0x1a, 0xb1, 0x85, 0x32, 0x36,
    0x80, 0xac, 0x0e, 0x25, 0x63, 0x10, 0x93, 0xac, 0xd1, 0x33, 0x15, 0x46, 0x6e, 0x24, 0x26, 0x69,
    0x23, 0xe7, 0x48, 0x00, 0x2f, 0x00, 0x85, 0x90, 0xc7, 0x0a, 0x1f, 0xd8, 0x00, 0x00, 0x00, 0x00,
    0x49, 0x45, 0x4e, 0x44, 0xae, 0x42, 0x60, 0x82,
};

static const unsigned char flint_icon_tux[] = {
    0x89, 0x50, 0x4e, 0x47, 0x0d, 0x0a, 0x1a, 0x0a, 0x00, 0x00, 0x00, 0x0d, 0x49, 0x48, 0x44, 0x52,
    0x00, 0x00, 0x00, 0x20, 0x00, 0x00, 0x00, 0x20, 0x08, 0x06, 0x00, 0x00, 0x00, 0x73, 0x7a, 0x7a,
    0xf4, 0x00, 0x00, 0x00, 0x01, 0x73, 0x52, 0x47, 0x42, 0x00, 0xae, 0xce, 0x1c, 0xe9, 0x00, 0x00,
    0x01, 0x1f, 0x49, 0x44, 0x41, 0x54, 0x58, 0x85, 0xc5, 0x56, 0x41, 0x12, 0x83, 0x20, 0x0c, 0x4c,
    0x3a, 0xbd, 0xd7, 0xff, 0xd4, 0x6f, 0xe0, 0x23, 0xeb, 0x37, 0xe8, 0x7f, 0xf0, 0x05, 0xe9, 0xa1,
    0x8a, 0x68, 0x31, 0x26, 0x01, 0xec, 0xce, 0x38, 0x28, 0xca, 0x66, 0xc9, 0xc6, 0x09, 0x00, 0x7f,
    0x06, 0x16, 0xac, 0xa5, 0x1a, 0x5c, 0x96, 0x45, 0xfb, 0xc0, 0x45, 0x7c, 0xda, 0x05, 0x5c, 0x70,
    0x13, 0xe7, 0x4d, 0x29, 0x40, 0x02, 0x89, 0xc8, 0x88, 0xbb, 0x9a, 0x9d, 0x56, 0x7e, 0x44, 0x3c,
    0x9c, 0x93, 0xc2, 0x94, 0x81, 0x5c, 0x10, 0x6d, 0xe0, 0x22, 0x01, 0xe9, 0x8e, 0xb9, 0x39, 0x09,
    0x5a, 0x14, 0xa1, 0x8a, 0x57, 0x5d, 0x03, 0x0b, 0x82, 0x77, 0x9b, 0xe7, 0xae, 0x1f, 0x4d, 0x3c,
    0x26, 0x0b, 0xf6, 0xc1, 0x8f, 0xe6, 0x9a, 0x08, 0xe0, 0x02, 0x59, 0x44, 0xa8, 0x05, 0x70, 0xa9,
    0xb6, 0xd8, 0x60, 0x2a, 0x42, 0x22, 0x82, 0xe9, 0x3d, 0xc4, 0xc9, 0xc7, 0xf3, 0xf5, 0x25, 0x5b,
    0x7f, 0x45, 0x31, 0xaf, 0x59, 0x40, 0x96, 0xcc, 0x20, 0x40, 0x63, 0x01, 0x1b, 0xdc, 0x8a, 0x16,
    0xbd, 0x00, 0x40, 0xd1, 0x0f, 0xa4, 0x02, 0x44, 0x84, 0x96, 0xec, 0x48, 0xbd, 0x22, 0x0d, 0xf9,
    0x5c, 0x0b, 0x22, 0xee, 0x56, 0x16, 0x00, 0x08, 0xb3, 0x26, 0x11, 0xa0, 0xca, 0xeb, 0x25, 0xed,
    0xb8, 0x26, 0x7e, 0x04, 0x04, 0xef, 0x28, 0x78, 0x47, 0xcb, 0xfd, 0xe5, 0x02, 0x52, 0x21, 0xf3,
    0x08, 0x00, 0xb2, 0xd4, 0xa6, 0xdf, 0x48, 0xfb, 0x42, 0x15, 0x0b, 0x10, 0x11, 0xa6, 0xf7, 0x10,
    0x83, 0x26, 0x23, 0x9d, 0x65, 0x31, 0x9e, 0x07, 0xb8, 0x0f, 0x83, 0x77, 0xe2, 0x46, 0xa3, 0xed,
    0x88, 0xaa, 0x03, 0x89, 0xf5, 0xdc, 0xc7, 0x21, 0x5a, 0xd0, 0xf5, 0xe3, 0x19, 0x3b, 0xf7, 0xde,
    0xac, 0x6c, 0x53, 0x03, 0x5d, 0x3f, 0xe2, 0x89, 0x10, 0x3c, 0xb8, 0x24, 0x1b, 0xc8, 0x22, 0x6b,
    0x41, 0x4a, 0x56, 0xf2, 0x2b, 0x4a, 0x44, 0x55, 0x37, 0x35, 0x15, 0x6c, 0xcd, 0xca, 0xa5, 0xf8,
    0x00, 0x2b, 0x35, 0x69, 0xa5, 0x52, 0x4b, 0xaa, 0x96, 0x00, 0x00, 0x00, 0x00, 0x49, 0x45, 0x4e,
    0x44, 0xae, 0x42, 0x60, 0x82,
};

static const unsigned char flint_icon_uxn[] = {
    0x89, 0x50, 0x4e, 0x47, 0x0d, 0x0a, 0x1a, 0x0a, 0x00, 0x00, 0x00, 0x0d, 0x49, 0x48, 0x44, 0x52,
    0x00, 0x00, 0x00, 0x10, 0x00, 0x00, 0x00, 0x10, 0x08, 0x06, 0x00, 0x00, 0x00, 0x1f, 0xf3, 0xff,
    0x61, 0x00, 0x00, 0x00, 0x01, 0x73, 0x52, 0x47, 0x42, 0x00, 0xae, 0xce, 0x1c, 0xe9, 0x00, 0x00,
    0x00, 0x37, 0x49, 0x44, 0x41, 0x54, 0x38, 0x8d, 0x63, 0x64, 0x60, 0x60, 0xf8, 0xcf, 0x40, 0x01,
    0x60, 0x81, 0x31, 0x9e, 0x5d, 0x58, 0x08, 0x17, 0x94, 0x32, 0x88, 0x27, 0x5a, 0x8c, 0x89, 0x12,
    0xdb, 0x19, 0x18, 0x18, 0x28, 0x37, 0x80, 0x91, 0x81, 0xc2, 0x30, 0xa0, 0xd8, 0x05, 0xa3, 0x81,
    0x38, 0x1a, 0x88, 0x0c, 0x0c, 0x83, 0x21, 0x10, 0x01, 0xbb, 0xac, 0x1f, 0x1f, 0xdb, 0x0e, 0x9a,
    0xff, 0x00, 0x00, 0x00, 0x00, 0x49, 0x45, 0x4e, 0x44, 0xae, 0x42, 0x60, 0x82,
};

static const unsigned char flint_icon_venus[] = {
    0x89, 0x50, 0x4e, 0x47, 0x0d, 0x0a, 0x1a, 0x0a, 0x00, 0x00, 0x00, 0x0d, 0x49, 0x48, 0x44, 0x52,
    0x00, 0x00, 0x00, 0x10, 0x00, 0x00, 0x00, 0x10, 0x08, 0x06, 0x00, 0x00, 0x00, 0x1f, 0xf3, 0xff,
    0x61, 0x00, 0x00, 0x00, 0x01, 0x73, 0x52, 0x47, 0x42, 0x00, 0xae, 0xce, 0x1c, 0xe9, 0x00, 0x00,
    0x00, 0x4f, 0x49, 0x44, 0x41, 0x54, 0x38, 0x8d, 0xbd, 0x92, 0x49, 0x0e, 0x00, 0x20, 0x08, 0x03,
    0xc1, 0xff, 0xff, 0xb9, 0x9e, 0xc5, 0xc6, 0x42, 0x20, 0xf6, 0x88, 0x65, 0x64, 0x33, 0x6b, 0xca,
    0x59, 0x10, 0x00, 0x2e, 0xa3, 0x3b, 0xf5, 0xd2, 0xe4, 0x08, 0x60, 0xb1, 0x74, 0x72, 0x09, 0xa2,
    0x0c, 0xec, 0x7d, 0xc9, 0xb2, 0x84, 0xe6, 0x01, 0xaf, 0x19, 0xa4, 0x88, 0xd5, 0x2d, 0xcc, 0xdf,
    0x81, 0x02, 0x45, 0xb5, 0x87, 0x78, 0x94, 0x95, 0xf9, 0xb1, 0xd4, 0xca, 0x97, 0x16, 0xda, 0x80,
    0x0d, 0x51, 0xac, 0x53, 0xc8, 0xa4, 0x72, 0x50, 0x3a, 0x00, 0x00, 0x00, 0x00, 0x49, 0x45, 0x4e,
    0x44, 0xae, 0x42, 0x60, 0x82,
};

static const unsigned char flint_icon_wasm[] = {
    0x89, 0x50, 0x4e, 0x47, 0x0d, 0x0a, 0x1a, 0x0a, 0x00, 0x00, 0x00, 0x0d, 0x49, 0x48, 0x44, 0x52,
    0x00, 0x00, 0x00, 0x10, 0x00, 0x00, 0x00, 0x10, 0x08, 0x06, 0x00, 0x00, 0x00, 0x1f, 0xf3, 0xff,
    0x61, 0x00, 0x00, 0x00, 0x01, 0x73, 0x52, 0x47, 0x42, 0x00, 0xae, 0xce, 0x1c, 0xe9, 0x00, 0x00,
    0x00, 0x70, 0x49, 0x44, 0x41, 0x54, 0x38, 0x8d, 0xdd, 0x92, 0xcb, 0x11, 0xc0, 0x20, 0x08, 0x44,
    0x91, 0xc6, 0xa4, 0xa8, 0x50, 0x85, 0x4d, 0xd1, 0x19, 0x39, 0xe1, 0x28, 0x41, 0x26, 0x13, 0x6e,
    0xe1, 0xe2, 0xff, 0x2d, 0xc8, 0x36, 0x55, 0x55, 0x28, 0x44, 0xeb, 0xfd, 0x0a, 0x01, 0x22, 0x63,
    0x5b, 0x13, 0x71, 0x08, 0xc0, 0x8a, 0x7a, 0x0a, 0x58, 0x15, 0x4f, 0xea, 0x00, 0x49, 0x09, 0xe5,
    0x0c, 0x7e, 0x0c, 0x10, 0x19, 0x5b, 0x8b, 0xd1, 0x36, 0xb3, 0x07, 0xd1, 0xfc, 0x73, 0x06, 0xbe,
    0xa5, 0x29, 0xc0, 0xab, 0x47, 0x7e, 0x40, 0x7f, 0x39, 0xb3, 0xf0, 0x5a, 0xbf, 0x8d, 0xd3, 0x48,
    0xa7, 0x7f, 0x20, 0xe2, 0x79, 0xe6, 0x61, 0x44, 0xfc, 0x2c, 0xe1, 0xad, 0x85, 0x2d, 0xca, 0x56,
    0xbe, 0x01, 0x60, 0xd6, 0x37, 0x13, 0x27, 0x9f, 0x28, 0xd6, 0x00, 0x00, 0x00, 0x00, 0x49, 0x45,
    0x4e, 0x44, 0xae, 0x42, 0x60, 0x82,
};

static const unsigned char flint_icon_wasm4[] = {
    0x89, 0x50, 0x4e, 0x47, 0x0d, 0x0a, 0x1a, 0x0a, 0x00, 0x00, 0x00, 0x0d, 0x49, 0x48, 0x44, 0x52,
    0x00, 0x00, 0x00, 0x10, 0x00, 0x00, 0x00, 0x10, 0x08, 0x06, 0x00, 0x00, 0x00, 0x1f, 0xf3, 0xff,
    0x61, 0x00, 0x00, 0x00, 0x01, 0x73, 0x52, 0x47, 0x42, 0x00, 0xae, 0xce, 0x1c, 0xe9, 0x00, 0x00,
    0x00, 0x5e, 0x49, 0x44, 0x41, 0x54, 0x38, 0x8d, 0x63, 0xfc, 0xff, 0xff, 0xff, 0x7f, 0x06, 0x0a,
    0x00, 0x63, 0xe6, 0x5e, 0x7d, 0xac, 0x06, 0x4c, 0x73, 0xba, 0x80, 0xc2, 0xcf, 0xda, 0x67, 0x80,
    0xd5, 0x00, 0x26, 0x4a, 0x6c, 0xc7, 0x6b, 0x00, 0xb2, 0x8d, 0xb8, 0x6c, 0x67, 0x60, 0xc0, 0xe3,
    0x05, 0x8a, 0x5d, 0x30, 0x92, 0x0d, 0x98, 0x6c, 0x30, 0x07, 0xaf, 0x86, 0xc9, 0x06, 0x73, 0x50,
    0xd4, 0x50, 0xec, 0x02, 0x78, 0x34, 0x62, 0xb3, 0x39, 0xf7, 0x42, 0x0a, 0xf1, 0x06, 0x20, 0x3b,
    0x11, 0x9b, 0x46, 0x98, 0x05, 0xe8, 0x72, 0xd4, 0xf3, 0x02, 0xb9, 0x80, 0x62, 0x17, 0x00, 0x00,
    0xd7, 0xc5, 0x22, 0x88, 0x05, 0x4a, 0xf4, 0x6f, 0x00, 0x00, 0x00, 0x00, 0x49, 0x45, 0x4e, 0x44,
    0xae, 0x42, 0x60, 0x82,
};

static const unsigned char flint_icon_win[] = {
    0x89, 0x50, 0x4e, 0x47, 0x0d, 0x0a, 0x1a, 0x0a, 0x00, 0x00, 0x00, 0x0d, 0x49, 0x48, 0x44, 0x52,
    0x00, 0x00, 0x00, 0x10, 0x00, 0x00, 0x00, 0x10, 0x08, 0x06, 0x00, 0x00, 0x00, 0x1f, 0xf3, 0xff,
    0x61, 0x00, 0x00, 0x00, 0x01, 0x73, 0x52, 0x47, 0x42, 0x00, 0xae, 0xce, 0x1c, 0xe9, 0x00, 0x00,
    0x00, 0x59, 0x49, 0x44, 0x41, 0x54, 0x38, 0x8d, 0x63, 0x64, 0x60, 0x60, 0xf8, 0xcf, 0x40, 0x01,
    0x60, 0xa2, 0x44, 0x33, 0x03, 0x03, 0x03, 0x03, 0x0b, 0x8c, 0xb1, 0xc6, 0xd0, 0x10, 0x43, 0x32,
    0xe4, 0xfc, 0x79, 0x06, 0x06, 0x06, 0x06, 0x06, 0xef, 0x4c, 0x7d, 0x0c, 0xb9, 0xad, 0xd3, 0x2f,
    0x52, 0xc7, 0x05, 0xc3, 0xc0, 0x00, 0x46, 0x86, 0x41, 0x13, 0x8d, 0xfa, 0x09, 0x4d, 0x18, 0x92,
    0x17, 0x17, 0xd4, 0x31, 0x30, 0x30, 0x30, 0x30, 0xfc, 0xfe, 0x64, 0x86, 0x21, 0xc7, 0xca, 0x77,
    0x8a, 0x3a, 0x2e, 0x18, 0x06, 0x06, 0x0c, 0x7c, 0x34, 0x02, 0x00, 0x6c, 0x2f, 0x0f, 0x1f, 0xee,
    0x68, 0x1b, 0x0e, 0x00, 0x00, 0x00, 0x00, 0x49, 0x45, 0x4e, 0x44, 0xae, 0x42, 0x60, 0x82,
};

static const unsigned char flint_icon_wrench[] = {
    0x89, 0x50, 0x4e, 0x47, 0x0d, 0x0a, 0x1a, 0x0a, 0x00, 0x00, 0x00, 0x0d, 0x49, 0x48, 0x44, 0x52,
    0x00, 0x00, 0x00, 0x10, 0x00, 0x00, 0x00, 0x10, 0x08, 0x06, 0x00, 0x00, 0x00, 0x1f, 0xf3, 0xff,
    0x61, 0x00, 0x00, 0x00, 0x01, 0x73, 0x52, 0x47, 0x42, 0x00, 0xae, 0xce, 0x1c, 0xe9, 0x00, 0x00,
    0x00, 0x82, 0x49, 0x44, 0x41, 0x54, 0x38, 0x8d, 0xbd, 0x53, 0x41, 0x0e, 0xc0, 0x20, 0x08, 0x43,
    0xdf, 0xe6, 0xde, 0xe0, 0x8e, 0xee, 0x65, 0x7a, 0xd4, 0x37, 0xe8, 0xdf, 0xd8, 0x89, 0x84, 0x4c,
    0x01, 0x93, 0x65, 0xeb, 0x49, 0x2a, 0xb4, 0xa6, 0x11, 0x80, 0x3f, 0x90, 0x62, 0xc0, 0x14, 0x03,
    0x7e, 0x37, 0xac, 0x35, 0x59, 0xbc, 0x07, 0x00, 0x28, 0x6d, 0x38, 0xad, 0x59, 0x83, 0xa7, 0x83,
    0x26, 0xf2, 0xe4, 0x78, 0xed, 0xa4, 0xe6, 0xd2, 0x86, 0x4b, 0x31, 0x60, 0xae, 0x1d, 0xae, 0xf3,
    0x98, 0x9c, 0xc9, 0x70, 0x09, 0xca, 0x04, 0x11, 0xcd, 0x00, 0xbd, 0x74, 0x21, 0x39, 0x9b, 0xe0,
    0xce, 0xbb, 0xaf, 0x58, 0x0e, 0xf3, 0xda, 0x14, 0xd1, 0xdc, 0x4c, 0x11, 0x4e, 0x6a, 0x9f, 0x46,
    0x12, 0x11, 0x43, 0xe4, 0x28, 0x6d, 0x38, 0x0a, 0x34, 0xd7, 0x3e, 0x1b, 0xed, 0x2e, 0xcb, 0xab,
    0xa5, 0x92, 0x70, 0x03, 0x22, 0x87, 0x8c, 0x12, 0x7f, 0x31, 0x8f, 0xb9, 0x00, 0x00, 0x00, 0x00,
    0x49, 0x45, 0x4e, 0x44, 0xae, 0x42, 0x60, 0x82,
};

static const unsigned char flint_icon_x_red[] = {
    0x89, 0x50, 0x4e, 0x47, 0x0d, 0x0a, 0x1a, 0x0a, 0x00, 0x00, 0x00, 0x0d, 0x49, 0x48, 0x44, 0x52,
    0x00, 0x00, 0x00, 0x10, 0x00, 0x00, 0x00, 0x10, 0x08, 0x06, 0x00, 0x00, 0x00, 0x1f, 0xf3, 0xff,
    0x61, 0x00, 0x00, 0x00, 0x01, 0x73, 0x52, 0x47, 0x42, 0x00, 0xae, 0xce, 0x1c, 0xe9, 0x00, 0x00,
    0x00, 0x57, 0x49, 0x44, 0x41, 0x54, 0x38, 0x8d, 0xad, 0x52, 0xcb, 0x02, 0x00, 0x10, 0x08, 0x6b,
    0xfe, 0xff, 0x9f, 0xb9, 0x38, 0x88, 0xa5, 0x92, 0xdd, 0xd8, 0x23, 0x15, 0x91, 0x1f, 0xe8, 0x13,
    0x2f, 0xfa, 0xb6, 0x13, 0x11, 0xf3, 0x7a, 0x06, 0x23, 0x00, 0x40, 0x08, 0x98, 0x06, 0x9e, 0xc0,
    0xe3, 0x8e, 0x4a, 0x4c, 0x78, 0x0b, 0x76, 0x9f, 0xaa, 0xc4, 0xa4, 0x35, 0x1a, 0xc0, 0x42, 0xac,
    0xb9, 0x34, 0x76, 0x99, 0xc1, 0xff, 0x16, 0x4a, 0x43, 0x2c, 0xad, 0xb1, 0xf4, 0x91, 0x22, 0x66,
    0x2b, 0x44, 0x6d, 0xc1, 0x33, 0x47, 0x35, 0x29, 0x0c, 0xec, 0x32, 0x5c, 0x01, 0xa6, 0x4e, 0xf1,
    0x79, 0x00, 0x00, 0x00, 0x00, 0x49, 0x45, 0x4e, 0x44, 0xae, 0x42, 0x60, 0x82,
};

static const unsigned char flint_icon_x[] = {
    0x89, 0x50, 0x4e, 0x47, 0x0d, 0x0a, 0x1a, 0x0a, 0x00, 0x00, 0x00, 0x0d, 0x49, 0x48, 0x44, 0x52,
    0x00, 0x00, 0x00, 0x10, 0x00, 0x00, 0x00, 0x10, 0x08, 0x06, 0x00, 0x00, 0x00, 0x1f, 0xf3, 0xff,
    0x61, 0x00, 0x00, 0x00, 0x01, 0x73, 0x52, 0x47, 0x42, 0x00, 0xae, 0xce, 0x1c, 0xe9, 0x00, 0x00,
    0x00, 0x57, 0x49, 0x44, 0x41, 0x54, 0x38, 0x8d, 0xad, 0x52, 0xcb, 0x02, 0x00, 0x10, 0x08, 0x6b,
    0xfe, 0xff, 0x9f, 0xb9, 0x38, 0x88, 0xa5, 0x92, 0xdd, 0xd8, 0x23, 0x15, 0x91, 0x1f, 0xe8, 0x13,
    0x2f, 0xfa, 0xb6, 0x13, 0x11, 0xf3, 0x7a, 0x06, 0x23, 0x00, 0x40, 0x08, 0x98, 0x06, 0x9e, 0xc0,
    0xe3, 0x8e, 0x4a, 0x4c, 0x78, 0x0b, 0x76, 0x9f, 0xaa, 0xc4, 0xa4, 0x35, 0x1a, 0xc0, 0x42, 0xac,
    0xb9, 0x34, 0x76, 0x99, 0xc1, 0xff, 0x16, 0x4a, 0x43, 0x2c, 0xad, 0xb1, 0xf4, 0x91, 0x22, 0x66,
    0x2b, 0x44, 0x6d, 0xc1, 0x33, 0x47, 0x35, 0x29, 0x0c, 0xec, 0x32, 0x5c, 0x01, 0xa6, 0x4e, 0xf1,
    0x79, 0x00, 0x00, 0x00, 0x00, 0x49, 0x45, 0x4e, 0x44, 0xae, 0x42, 0x60, 0x82,
};

const FlintIconAsset flint_icon_assets[] = {
    {UI_ICON_TYPE_AMEN, "amen", flint_icon_amen, 174u},
    {UI_ICON_TYPE_BACKWARD, "backward", flint_icon_backward, 155u},
    {UI_ICON_TYPE_BTC, "btc", flint_icon_btc, 246u},
    {UI_ICON_TYPE_CHECK, "check", flint_icon_check, 131u},
    {UI_ICON_TYPE_DISCORD, "discord", flint_icon_discord, 180u},
    {UI_ICON_TYPE_DROID, "droid", flint_icon_droid, 170u},
    {UI_ICON_TYPE_EDIT, "edit", flint_icon_edit, 172u},
    {UI_ICON_TYPE_EYE_CLOSED, "eye-closed", flint_icon_eye_closed, 157u},
    {UI_ICON_TYPE_FDROID, "fdroid", flint_icon_fdroid, 268u},
    {UI_ICON_TYPE_FORWARD, "forward", flint_icon_forward, 153u},
    {UI_ICON_TYPE_GEAR, "gear", flint_icon_gear, 222u},
    {UI_ICON_TYPE_GITHUB, "github", flint_icon_github, 332u},
    {UI_ICON_TYPE_GLOBE, "globe", flint_icon_globe, 192u},
    {UI_ICON_TYPE_HABIT, "habit", flint_icon_habit, 184u},
    {UI_ICON_TYPE_HOME, "home", flint_icon_home, 216u},
    {UI_ICON_TYPE_INBE, "inbe", flint_icon_inbe, 832u},
    {UI_ICON_TYPE_ITCH, "itch", flint_icon_itch, 344u},
    {UI_ICON_TYPE_JUPITER, "jupiter", flint_icon_jupiter, 151u},
    {UI_ICON_TYPE_LIGHTOFF, "lightoff", flint_icon_lightoff, 217u},
    {UI_ICON_TYPE_LIGHTON, "lighton", flint_icon_lighton, 216u},
    {UI_ICON_TYPE_LINK, "link", flint_icon_link, 213u},
    {UI_ICON_TYPE_MANUAL, "manual", flint_icon_manual, 332u},
    {UI_ICON_TYPE_MARS, "mars", flint_icon_mars, 154u},
    {UI_ICON_TYPE_MERCURY, "mercury", flint_icon_mercury, 159u},
    {UI_ICON_TYPE_MONERO, "monero", flint_icon_monero, 173u},
    {UI_ICON_TYPE_MOON, "moon", flint_icon_moon, 268u},
    {UI_ICON_TYPE_MUTE, "mute", flint_icon_mute, 197u},
    {UI_ICON_TYPE_PAUSE, "pause", flint_icon_pause, 110u},
    {UI_ICON_TYPE_PENCIL, "pencil", flint_icon_pencil, 172u},
    {UI_ICON_TYPE_PLAY, "play", flint_icon_play, 151u},
    {UI_ICON_TYPE_PLAYSTORE, "playstore", flint_icon_playstore, 263u},
    {UI_ICON_TYPE_PLUS, "plus", flint_icon_plus, 117u},
    {UI_ICON_TYPE_QUEST, "quest", flint_icon_quest, 714u},
    {UI_ICON_TYPE_RAY, "ray", flint_icon_ray, 152u},
    {UI_ICON_TYPE_RETURN, "return", flint_icon_return, 165u},
    {UI_ICON_TYPE_ROCKET, "rocket", flint_icon_rocket, 335u},
    {UI_ICON_TYPE_ROUTINE, "routine", flint_icon_routine, 160u},
    {UI_ICON_TYPE_SATURN, "saturn", flint_icon_saturn, 154u},
    {UI_ICON_TYPE_SAVE, "save", flint_icon_save, 131u},
    {UI_ICON_TYPE_SOUND, "sound", flint_icon_sound, 224u},
    {UI_ICON_TYPE_SOUND0, "sound0", flint_icon_sound0, 343u},
    {UI_ICON_TYPE_SOUND1, "sound1", flint_icon_sound1, 245u},
    {UI_ICON_TYPE_SOUND2, "sound2", flint_icon_sound2, 266u},
    {UI_ICON_TYPE_SOUND3, "sound3", flint_icon_sound3, 278u},
    {UI_ICON_TYPE_SRHT, "srht", flint_icon_srht, 233u},
    {UI_ICON_TYPE_STACK, "stack", flint_icon_stack, 112u},
    {UI_ICON_TYPE_STAT, "stat", flint_icon_stat, 180u},
    {UI_ICON_TYPE_STRIPE, "stripe", flint_icon_stripe, 180u},
    {UI_ICON_TYPE_SUN, "sun", flint_icon_sun, 165u},
    {UI_ICON_TYPE_TCL, "tcl", flint_icon_tcl, 325u},
    {UI_ICON_TYPE_TELEGRAM, "telegram", flint_icon_telegram, 182u},
    {UI_ICON_TYPE_TEXT, "text", flint_icon_text, 216u},
    {UI_ICON_TYPE_TILE, "tile", flint_icon_tile, 246u},
    {UI_ICON_TYPE_TILE2, "tile2", flint_icon_tile2, 206u},
    {UI_ICON_TYPE_TILE3, "tile3", flint_icon_tile3, 252u},
    {UI_ICON_TYPE_TILE4, "tile4", flint_icon_tile4, 205u},
    {UI_ICON_TYPE_TIMELINE, "timeline", flint_icon_timeline, 295u},
    {UI_ICON_TYPE_TODOS, "todos", flint_icon_todos, 177u},
    {UI_ICON_TYPE_TRASH, "trash", flint_icon_trash, 184u},
    {UI_ICON_TYPE_TUX, "tux", flint_icon_tux, 357u},
    {UI_ICON_TYPE_UXN, "uxn", flint_icon_uxn, 125u},
    {UI_ICON_TYPE_VENUS, "venus", flint_icon_venus, 149u},
    {UI_ICON_TYPE_WASM, "wasm", flint_icon_wasm, 182u},
    {UI_ICON_TYPE_WASM4, "wasm4", flint_icon_wasm4, 164u},
    {UI_ICON_TYPE_WIN, "win", flint_icon_win, 159u},
    {UI_ICON_TYPE_WRENCH, "wrench", flint_icon_wrench, 200u},
    {UI_ICON_TYPE_X_RED, "x-red", flint_icon_x_red, 157u},
    {UI_ICON_TYPE_X, "x", flint_icon_x, 157u},
};

const unsigned int flint_icon_asset_count = 68u;
